{
  "title": "Accessorizing Your Suit: Ties, Pocket Squares, and More",
  "slug": "accessorizing-your-suit-guide",
  "excerpt": "Complete guide to suit accessories. How to choose and wear ties, pocket squares, cufflinks, watches, and other details that complete your look.",
  "content_type": "blog_post",
  "category": "Style Guide",
  "author": "KCT Style Team",
  "scheduled_date": "2026-03-17",
  "priority": 1,
  "status": "draft",
  "read_time": "7 min read",
  "word_count": 1600,
  "target_keywords": [
    "suit accessories",
    "pocket square",
    "tie selection",
    "cufflinks",
    "men's accessories",
    "complete suit look"
  ],
  "tags": [
    "accessories",
    "ties",
    "pocket squares",
    "cufflinks",
    "style education",
    "how-to"
  ],
  "internal_links": [
    "/collections/accessories",
    "/pages/appointments"
  ],
  "products_featured": [],
  "schema_types": ["BlogPosting", "FAQPage", "HowTo"],
  "image_prompts": {
    "hero": "Flat lay of suit accessories - ties, pocket squares, cufflinks, watch, tie bar - editorial style",
    "tie_width": "Comparison of tie widths matching different lapel widths, side by side",
    "pocket_square_folds": "Three pocket square folds demonstrated - presidential, puff, one-point",
    "complete_look": "Well-dressed man showing complete accessory coordination - matching metals, complementing colors"
  }
}
