{
  "title": "Best Suit Fabrics for Spring Weddings 2026: Tropical Wool vs. Linen vs. Cotton (Breathable, Lightweight & Photo-Ready)",
  "slug": "spring-wedding-suit-fabrics-2026-guide",
  "excerpt": "Spring weddings present a unique challenge: look polished for photos while staying comfortable. This guide compares tropical wool, linen, and cotton to help you choose the perfect fabric for your venue, weather, and style.",
  "content_type": "blog_post",
  "category": "Wedding Guides",
  "author": "KCT Style Team",
  "scheduled_date": "2026-04-15",
  "priority": 1,
  "status": "draft",
  "read_time": "9 min read",
  "target_keywords": [
    "spring wedding suit fabrics",
    "lightweight suit fabrics spring",
    "tropical weight wool suits",
    "linen suits for weddings",
    "breathable suit fabrics",
    "best fabric spring outdoor wedding",
    "will linen suit wrinkle wedding photos",
    "Kalamazoo wedding suits",
    "Southwest Michigan spring weddings"
  ],
  "tags": [
    "wedding suits",
    "spring weddings 2026",
    "tropical wool",
    "linen suits",
    "cotton suits",
    "fabric guide",
    "breathability",
    "wrinkle resistance",
    "wedding photography",
    "Southwest Michigan"
  ],
  "internal_links": [
    "/suits",
    "/wedding",
    "/summer-collection"
  ],
  "word_count": 2400,
  "seo_notes": "Definitive fabric education content. Positions KCT as expert resource. High informational intent with commercial conversion at end. Target featured snippets for fabric comparison queries.",
  "image_prompts": {
    "hero": "Three spring wedding suits on mannequins showing tropical wool, linen, and cotton fabrics, outdoor garden wedding venue backdrop with soft natural light, fabric texture visible, professional product photography, no text",
    "fabric_swatches": "Close-up of three fabric swatches - tropical wool, linen, cotton - arranged on marble surface with magnifying glass showing weave detail, educational product photography",
    "temperature_chart": "Infographic showing temperature ranges with suit fabric recommendations, thermometer visual, clean modern design, color-coded zones from 55F to 85F+",
    "wrinkle_comparison": "Split triptych showing same pose at start of day vs end of day for wool suit (minimal wrinkles), cotton (moderate), linen (significant wrinkles), before/after comparison",
    "venue_matching": "Grid of 4 venue types (church, garden, beach, barn) with recommended fabric overlay, wedding venue photography collage",
    "lining_options": "Cross-section illustration of suit jacket showing full-lined, half-lined, quarter-lined, and unlined options, educational diagram style"
  }
}
