{
  "title": "From Prom to After-Party: How to Transition Your Tuxedo Look (Plus 9 Outfit Change Ideas That Actually Work)",
  "slug": "prom-to-afterparty-transition-guide",
  "excerpt": "Prom doesn't end when the dance ends. This guide covers how to transition from formal prom to casual after-party, what to pack in your car, and 9 outfit change strategies that keep you comfortable all night.",
  "content_type": "blog_post",
  "category": "Prom Guides",
  "author": "KCT Style Team",
  "scheduled_date": "2026-04-22",
  "priority": 1,
  "status": "draft",
  "read_time": "7 min read",
  "target_keywords": [
    "prom after party outfit guys",
    "what to wear prom after party",
    "changing clothes after prom",
    "casual outfit after prom",
    "prom tuxedo to casual look",
    "after party attire men",
    "do guys change clothes for prom after party",
    "Kalamazoo prom after party",
    "Southwest Michigan prom"
  ],
  "tags": [
    "prom 2026",
    "after party",
    "outfit transitions",
    "prom tips",
    "casual style",
    "prom preparation",
    "what to pack",
    "prom night planning",
    "Southwest Michigan"
  ],
  "internal_links": [
    "/prom",
    "/casual",
    "/shoes"
  ],
  "word_count": 2000,
  "seo_notes": "Addresses practical reality competitors ignore. Low commercial intent but high engagement content. Builds trust with prom-age audience. Unique angle in prom content space.",
  "image_prompts": {
    "hero": "Split image showing same young man in full tuxedo on left and casual jeans-and-tee outfit on right, same confident pose, before/after transformation, clean studio backdrop, no text",
    "transition_options": "Grid of 9 outfit combinations showing progression from full formal to full casual, thumbnail style presentation, clean white background",
    "car_bag": "Flat lay of after-party essentials - sneakers, jeans, t-shirt, hoodie, phone charger, deodorant - arranged on car seat or trunk, packing checklist visualization",
    "bowling": "Group of guys at bowling alley in casual clothes, one still in dress pants and sneakers hybrid look, fun casual atmosphere, real life scenario",
    "diner_scene": "Teens in mixed formal/casual outfits at classic late-night diner, some in full tux, some changed, authentic prom night vibes, warm diner lighting",
    "shoe_swap": "Side by side of dress shoes and clean white sneakers, quick-change concept, simple product photography style"
  }
}
