{
  "title": "Prom Suits & Tuxedos in Kalamazoo: Complete Guide for 2026",
  "slug": "prom-suits-tuxedos-kalamazoo-2026",
  "excerpt": "Prom suits and tuxedos for Kalamazoo-area high schools. Portage Northern, Loy Norrix, Kalamazoo Central, and more. Complete prom shopping guide for Southwest Michigan.",
  "content_type": "local_seo_blog",
  "category": "Local SEO - Prom",
  "author": "KCT Style Team",
  "scheduled_date": "2026-04-13",
  "priority": 2,
  "status": "draft",
  "read_time": "8 min read",
  "target_keywords": [
    "prom suit Kalamazoo",
    "prom tuxedo Portage",
    "high school prom Michigan",
    "prom 2026 Southwest Michigan",
    "buy prom suit Kalamazoo",
    "prom dress code Michigan"
  ],
  "local_keywords": [
    "Portage Northern prom",
    "Loy Norrix prom suit",
    "Kalamazoo Central prom tuxedo",
    "Hackett Catholic prom",
    "Mattawan prom attire",
    "Gull Lake prom suit"
  ],
  "tags": [
    "local SEO",
    "prom",
    "prom 2026",
    "high school",
    "Kalamazoo",
    "Portage",
    "tuxedo",
    "suit",
    "formal wear"
  ],
  "internal_links": [
    "/tuxedos",
    "/suits",
    "/prom",
    "/accessories",
    "/appointments"
  ],
  "local_schools_mentioned": [
    "Portage Northern",
    "Portage Central",
    "Loy Norrix",
    "Kalamazoo Central",
    "Hackett Catholic",
    "Mattawan",
    "Gull Lake",
    "Paw Paw",
    "Schoolcraft"
  ],
  "service_areas": [
    "Kalamazoo",
    "Portage",
    "Mattawan",
    "Paw Paw",
    "Schoolcraft"
  ],
  "word_count": 1800,
  "local_seo_score": 94,
  "seo_notes": "Highly targeted for prom searches in Kalamazoo area. Local school names capture specific searches. Suit vs tuxedo guide helps with common decision. Color coordination section addresses key concern. Timeline creates urgency. Budget guide provides practical value for parents and students.",
  "schema_types": ["LocalBusiness", "FAQPage"],
  "seasonal_relevance": "April-May (prom season)",
  "image_prompts": {
    "hero": "High school senior in stylish burgundy tuxedo with black lapels at prom, confident pose, elegant venue decorations, professional prom photography",
    "options": "Three teenage boys in different prom styles - classic black tuxedo, navy suit, burgundy jacket - showing range of options, professional group photography",
    "coordination": "Prom couple with coordinating outfits - young man in navy suit with tie matching date's dress color, elegant pose, professional prom photography",
    "fitting": "Teen getting fitted for prom suit at menswear store, professional fitting room environment, tailor adjusting jacket, professional retail photography"
  }
}
