{
  "title": "Easter Suits for Men 2026: Spring Colors, Family Photos & What to Wear to Church (Prom-Ready Styles Included)",
  "slug": "easter-suits-2026-spring-colors-multi-event-guide",
  "excerpt": "Easter Sunday 2026 is April 5. The right Easter suit doesn't just serve one day—it becomes your foundation for prom, graduation, and beyond. Discover colors, fabrics, and styles that maximize your investment.",
  "content_type": "blog_post",
  "category": "Seasonal Guides",
  "author": "KCT Style Team",
  "scheduled_date": "2026-04-01",
  "priority": 1,
  "status": "draft",
  "read_time": "7 min read",
  "target_keywords": [
    "Easter suits for men 2026",
    "Easter Sunday outfit men",
    "spring suit colors Easter",
    "pastel suits men",
    "what to wear Easter church service",
    "light colored suits spring",
    "suit for Easter prom and graduation",
    "Kalamazoo Easter suits",
    "Southwest Michigan Easter"
  ],
  "tags": [
    "Easter 2026",
    "spring suits",
    "pastel colors",
    "family photos",
    "multi-event value",
    "buy vs rent",
    "church attire",
    "prom crossover",
    "graduation crossover",
    "Southwest Michigan"
  ],
  "internal_links": [
    "/suits",
    "/prom",
    "/accessories"
  ],
  "word_count": 1900,
  "seo_notes": "Multi-event value proposition (Easter + prom + graduation) to justify purchase over rental. Easter April 5 drives urgency. Target families weighing buy vs rent decision.",
  "image_prompts": {
    "hero": "Young man in light blue spring suit outdoors in garden setting with Easter lilies and spring flowers in background, natural morning light, family-friendly Easter atmosphere, warm inviting professional photography, no text",
    "color_options": "Six spring suits displayed on mannequins showing light blue, mint green, lavender, blush pink, light gray, and navy, bright showroom setting, overhead lighting emphasizing pastel spring palette",
    "three_occasions": "Split triptych showing same light blue suit styled three ways - Easter with floral tie, prom with bow tie, graduation with classic tie - three distinct looks from one suit, clean studio backdrop",
    "family_photo": "Family group in coordinated spring outfits in outdoor garden, young man in mint green suit as focal point, natural golden hour lighting, Easter Sunday aesthetic, professional family portrait style",
    "fabric_comparison": "Close-up of three fabric swatches - cotton, wool blend, linen blend - arranged on marble surface with spring flowers, texture and weave visible, product photography",
    "investment_value": "Quality navy suit on wooden hanger with price tag, surrounded by small icons representing future uses (graduation cap, briefcase, wedding rings), investment metaphor visualization"
  }
}
