{
  "title": "Graduation Suit Guide 2026: Classic Colors, Comfortable Fits & What to Wear Under Your Gown",
  "slug": "graduation-suit-guide-2026",
  "excerpt": "Your graduation suit shouldn't just look good for photos—it should transition to job interviews and professional life. This guide covers choosing a graduation suit that serves you for years, what shows under the gown, and how to stay comfortable during long ceremonies.",
  "content_type": "blog_post",
  "category": "Career & Professional",
  "author": "KCT Style Team",
  "scheduled_date": "2026-04-29",
  "priority": 1,
  "status": "draft",
  "read_time": "7 min read",
  "target_keywords": [
    "graduation suits men 2026",
    "what to wear under graduation gown men",
    "graduation suit colors",
    "comfortable suit for long ceremony",
    "graduation outfit men",
    "suit for college graduation",
    "graduation suit that works for interviews",
    "Kalamazoo graduation suits",
    "Southwest Michigan graduation"
  ],
  "tags": [
    "graduation 2026",
    "professional suits",
    "career wear",
    "interview suits",
    "first suit",
    "college graduation",
    "ceremony attire",
    "investment dressing",
    "Southwest Michigan"
  ],
  "internal_links": [
    "/suits",
    "/professional",
    "/navy-suits"
  ],
  "word_count": 1800,
  "seo_notes": "Position graduation suit as career investment. Target late April/early May searches. Parent buyer psychology - practical investment vs prom rental. Bridge to interview/professional content.",
  "image_prompts": {
    "hero": "Young graduate in navy suit walking across stage receiving diploma, graduation gown slightly open showing suit, proud moment, professional ceremony photography, no text",
    "under_gown": "Diagram showing what's visible under graduation gown - upper body highlighted, collar and tie visible, professional illustration style, educational visualization",
    "color_options": "Three suit colors on mannequins - navy blue, charcoal gray, medium gray - professional studio lighting, classic graduation suit options",
    "graduation_to_interview": "Split image showing same navy suit styled for graduation (colorful tie) vs interview (conservative tie), transformation concept, clean backdrop",
    "fit_details": "Close-up collage of suit fit points - shoulder seam, jacket button, sleeve length showing cuff, pants break - educational fit guide style",
    "family_photo": "Graduate with family in outdoor setting, gown off, full suit visible, celebratory moment, professional family portrait style"
  }
}
