{
  "title": "Easter & Spring Formal Style in Kalamazoo",
  "slug": "easter-spring-formal-style-kalamazoo",
  "excerpt": "Easter outfit ideas for Kalamazoo men. Church attire, spring brunch style, and family gathering outfits for Southwest Michigan's spring celebrations.",
  "content_type": "local_seo_blog",
  "category": "Local SEO - Easter",
  "author": "KCT Style Team",
  "scheduled_date": "2026-04-06",
  "priority": 1,
  "status": "draft",
  "read_time": "7 min read",
  "target_keywords": [
    "Easter outfit Kalamazoo",
    "church attire Michigan",
    "spring formal Portage",
    "Easter Sunday suit Southwest Michigan",
    "Easter brunch outfit",
    "spring church clothes"
  ],
  "local_keywords": [
    "Kalamazoo Easter services attire",
    "Portage Chapel Easter",
    "First Presbyterian Kalamazoo dress code",
    "Henderson Castle Easter brunch",
    "Southwest Michigan Easter celebration"
  ],
  "tags": [
    "local SEO",
    "Easter",
    "spring formal",
    "church attire",
    "Kalamazoo",
    "Portage",
    "brunch style",
    "pastel colors",
    "family events"
  ],
  "internal_links": [
    "/suits/light-gray",
    "/suits/navy",
    "/ties",
    "/accessories",
    "/appointments"
  ],
  "local_venues_mentioned": [
    "Henderson Castle",
    "Rustica",
    "Food Dance",
    "Hotel Kalamazoo",
    "Crow's Nest"
  ],
  "service_areas": [
    "Kalamazoo",
    "Portage"
  ],
  "word_count": 1500,
  "local_seo_score": 91,
  "seo_notes": "Targets Easter outfit searches for Kalamazoo area. Church-appropriate guidance provides practical value. Brunch venue recommendations demonstrate local knowledge. Color guide helps with spring palette choices. Michigan weather section addresses practical concerns.",
  "schema_types": ["LocalBusiness", "FAQPage"],
  "seasonal_relevance": "Late March to mid-April (Easter season)",
  "image_prompts": {
    "hero": "Well-dressed man in light gray suit with pastel blue tie at Easter brunch, elegant restaurant setting, spring flowers visible, professional lifestyle photography",
    "church": "Family arriving at church for Easter service, father in navy blazer with pastel pocket square, spring outfit, professional family photography",
    "brunch": "Man in smart casual Easter attire - light blazer, dress shirt, chinos - at upscale brunch venue, spring decorations, professional event photography",
    "colors": "Flat lay of Easter outfit accessories - pastel lavender tie, light pink pocket square, spring boutonniere, gold cufflinks - arranged on light surface, editorial product photography"
  }
}
