{
  "title": "Prom is This Weekend: 72-Hour Emergency Tuxedo Guide (Off-the-Rack, Quick Tailoring & Last-Resort Options)",
  "slug": "72-hour-emergency-prom-tuxedo-guide",
  "excerpt": "Your prom is in 72 hours and you don't have a tuxedo. Take a breath—you're not alone. This guide gives you an hour-by-hour action plan to walk into prom looking sharp, even when time is against you.",
  "content_type": "blog_post",
  "category": "Prom Guides",
  "author": "KCT Style Team",
  "scheduled_date": "2026-04-08",
  "priority": 1,
  "status": "draft",
  "read_time": "6 min read",
  "target_keywords": [
    "last minute prom tuxedo",
    "prom tuxedo same week",
    "emergency prom suit rental",
    "off the rack prom tuxedo",
    "quick prom alterations",
    "what if I have no prom outfit",
    "prom tuxedo in 3 days",
    "Kalamazoo prom emergency",
    "Southwest Michigan prom last minute"
  ],
  "tags": [
    "prom 2026",
    "emergency shopping",
    "last minute prom",
    "rush alterations",
    "off the rack",
    "prom tuxedo",
    "72 hour timeline",
    "prom panic",
    "Southwest Michigan"
  ],
  "internal_links": [
    "/prom",
    "/tuxedos",
    "/tailoring"
  ],
  "word_count": 1700,
  "seo_notes": "CRITICAL: 92% transactional intent - panic-driven searches. Lead with empathy, provide clear actionable steps. Capture featured snippets for emergency queries. Peak prom timing.",
  "image_prompts": {
    "hero": "Young man looking relieved and happy trying on suit in fitting room with helpful salesperson, urgent but positive atmosphere, retail menswear store setting, warm lighting, professional photography, no text",
    "day_1": "Person measuring themselves with tape measure in bedroom mirror, getting ready for shopping, morning light, determination on face, realistic scenario",
    "day_2": "Tailor working on pants hem with student standing nearby looking at watch, rush alterations scene, busy tailor shop atmosphere, professional setting",
    "day_3": "Young man in complete prom outfit doing final mirror check, confident smile, bedroom setting, outfit laid out on bed behind him, getting ready moment",
    "alternatives": "Three mannequins showing navy suit, charcoal suit, and blazer-pants combo as alternative prom options, clean showroom setting, side by side comparison",
    "budget_breakdown": "Flat lay of prom outfit components with price tags - suit jacket, pants, white shirt, bow tie, dress shoes, belt - arranged on dark surface, budget visualization"
  }
}
