{
  "title": "Back to Work After Graduation: Building Your Professional Wardrobe 2026 (Suits, Business Casual & Budget Strategy)",
  "slug": "professional-wardrobe-building-guide-2026",
  "excerpt": "Most college graduates don't own professional clothes when accepting their first job offer. Here's the complete guide to building a functional wardrobe on an entry-level salary—from Day 1 essentials to strategic expansion.",
  "content_type": "blog_post",
  "category": "Professional Development",
  "author": "KCT Style Team",
  "scheduled_date": "2026-08-31",
  "priority": 1,
  "status": "draft",
  "read_time": "13 min read",
  "target_keywords": [
    "professional wardrobe young men 2026",
    "young professional wardrobe essentials",
    "first job wardrobe budget",
    "business casual starter wardrobe",
    "post-graduation professional clothes",
    "affordable professional attire men",
    "what to wear first day office job"
  ],
  "tags": [
    "professional wardrobe",
    "young professionals",
    "college graduates",
    "entry level",
    "business casual",
    "budget strategy",
    "first job",
    "career development",
    "Southwest Michigan"
  ],
  "internal_links": [
    "/suits/professional",
    "/suits/navy",
    "/services/styling",
    "/services/tailoring"
  ],
  "word_count": 2600,
  "seo_notes": "Comprehensive wardrobe building guide for recent graduates. Dress code breakdown helps identify needs. Priority-ranked purchase list provides clear action path. Budget scenarios with specific numbers address real financial constraints. Day 1 formula gives immediate practical value. FAQ targets featured snippets.",
  "image_prompts": {
    "hero": "Young professional wardrobe flat lay - navy suit, dress shirts, pants, shoes, accessories arranged systematically, first job essentials",
    "dress_codes": "Three-panel infographic showing business professional, business casual, and smart casual dress codes with example outfits",
    "priority_items": "Wardrobe priority pyramid showing essential items ranked from most to least important for first job",
    "budget": "Budget breakdown infographic showing costs for different dress code scenarios, price tiers clearly labeled",
    "day1": "Young professional in Day 1 outfit formula - navy blazer, gray pants, white shirt, brown shoes - confident office entrance"
  }
}
