{
  "title": "8/8/26 Wedding Suits: Wealth, Prosperity & Auspicious Color Choices",
  "slug": "888-26-lucky-wedding-date-suits",
  "excerpt": "August 8, 2026 carries triple 8 energy—a numerologically powerful date symbolizing wealth, prosperity, and fortune. Your suit color can honor this significance through intentional color choices and gold accents.",
  "content_type": "blog_post",
  "category": "Auspicious Wedding Guide",
  "author": "KCT Style Team",
  "scheduled_date": "2026-08-10",
  "priority": 1,
  "status": "draft",
  "read_time": "10 min read",
  "target_keywords": [
    "August 8 2026 wedding suits",
    "lucky wedding date 2026 suits",
    "August 8 wedding attire prosperity",
    "auspicious wedding suit colors",
    "numerology wedding suits men",
    "8/8/26 groom outfit ideas",
    "gold accessories wedding"
  ],
  "tags": [
    "8/8/26",
    "lucky date",
    "numerology",
    "prosperity",
    "gold accents",
    "auspicious weddings",
    "Chinese culture",
    "navy suits",
    "burgundy suits",
    "Southwest Michigan"
  ],
  "internal_links": [
    "/suits/navy",
    "/suits/burgundy",
    "/accessories/gold",
    "/suits/charcoal"
  ],
  "word_count": 2200,
  "seo_notes": "Culturally-informed content addressing numerological significance of 8/8/26. Unique niche with minimal competition. Gold accessory strategy provides actionable styling. Cultural sensitivity section builds trust. FAQ targets featured snippets for lucky date queries.",
  "image_prompts": {
    "hero": "Elegant navy suit with gold accessories for auspicious wedding, prosperity styling, gold tie bar and cufflinks visible, formal celebration setting",
    "triple_8": "Infographic showing 8/8/26 numerology calculation, triple 8 power visual, elegant gold and navy color scheme",
    "gold_accents": "Close-up of gold wedding accessories - tie bar, cufflinks, pocket square with gold thread - arranged on navy fabric",
    "colors": "Auspicious color palette - deep navy, burgundy, charcoal, forest green swatches with gold accent elements",
    "groom_groomsmen": "Groom in navy with prominent gold accents standing with groomsmen in charcoal with subtle gold details, visual hierarchy"
  }
}
