{
  "title": "Labor Day Weekend Wedding 2026: Three-Day Celebration Guide (Late Summer Suits, Travel Tips & Guest-Friendly Attire)",
  "slug": "labor-day-weekend-wedding-2026-guide",
  "excerpt": "Labor Day weekend isn't a single-day wedding—it's a three-day celebration. From Friday welcome reception through Monday farewell brunch, here's how to dress for the extended celebration that marks summer's elegant finale.",
  "content_type": "blog_post",
  "category": "Holiday Wedding Guide",
  "author": "KCT Style Team",
  "scheduled_date": "2026-08-03",
  "priority": 1,
  "status": "draft",
  "read_time": "12 min read",
  "target_keywords": [
    "Labor Day weekend wedding 2026",
    "Labor Day wedding attire men",
    "three day wedding weekend outfits",
    "late summer wedding suits",
    "August 29 2026 wedding",
    "holiday weekend wedding suits",
    "Labor Day wedding colors"
  ],
  "tags": [
    "Labor Day",
    "holiday weddings",
    "three-day celebrations",
    "late summer",
    "transitional colors",
    "burgundy suits",
    "travel packing",
    "extended weddings",
    "Southwest Michigan"
  ],
  "internal_links": [
    "/suits/burgundy",
    "/suits/transitional",
    "/suits/navy",
    "/suits/olive"
  ],
  "word_count": 2700,
  "seo_notes": "Definitive Labor Day weekend wedding guide addressing unique three-day challenge competitors ignore. Day-by-day outfit breakdown provides actionable value. Burgundy positioning as late summer hero. Travel packing section adds practical differentiation. FAQ targets featured snippets.",
  "image_prompts": {
    "hero": "Elegant three-day wedding celebration styling, multiple outfits displayed, late summer aesthetic, transitional season colors",
    "three_day": "Friday-Saturday-Sunday outfit progression infographic, semi-formal to formal to casual transition, three distinct looks",
    "burgundy": "Burgundy suit in late summer golden hour light, outdoor wedding setting, sophisticated transitional styling",
    "colors": "Late summer transitional color palette - burgundy, deep navy, olive green, charcoal arranged with seasonal elements",
    "packing": "Travel packing flat lay for three-day wedding, garment bag, multiple outfits, shoe options, travel essentials",
    "timeline": "Labor Day weekend wedding schedule visual, Friday-Saturday-Sunday event breakdown with dress code notes"
  }
}
