{
  "title": "September Wedding Suit Colors 2026: Burgundy, Olive & Navy (Early Fall Transition Guide)",
  "slug": "september-wedding-suit-colors-2026-fall-guide",
  "excerpt": "If your wedding is in September, August is your final shopping window. Here's the complete color guide for early fall ceremonies—from peak burgundy season to the rise of olive green.",
  "content_type": "blog_post",
  "category": "Fall Wedding Preview",
  "author": "KCT Style Team",
  "scheduled_date": "2026-08-24",
  "priority": 1,
  "status": "draft",
  "read_time": "11 min read",
  "target_keywords": [
    "September wedding suit colors 2026",
    "early fall wedding suit trends",
    "burgundy suit September wedding",
    "olive green groomsmen suits",
    "transitional wedding suit colors",
    "late summer to fall suit shopping",
    "fall wedding colors 2026"
  ],
  "tags": [
    "September weddings",
    "fall colors",
    "burgundy suits",
    "olive green",
    "navy suits",
    "charcoal suits",
    "transitional season",
    "groomsmen coordination",
    "Southwest Michigan"
  ],
  "internal_links": [
    "/suits/burgundy",
    "/suits/olive",
    "/suits/navy",
    "/suits/fall"
  ],
  "word_count": 2500,
  "seo_notes": "Forward-looking trend preview captures late-August shoppers planning September weddings. Ordering timeline creates urgency. Color-by-color breakdown provides comprehensive value. Groomsmen coordination strategies address common planning challenge. FAQ targets featured snippets for fall wedding queries.",
  "image_prompts": {
    "hero": "Fall wedding color palette display - burgundy, olive, navy, charcoal suits arranged with autumn elements like leaves and warm lighting",
    "burgundy": "Groom in burgundy suit at September outdoor wedding, golden hour light, fall foliage visible in background",
    "olive": "Groomsmen in olive green suits at rustic fall venue, coordinated but not identical styling",
    "coordination": "Three groomsmen coordination strategies visual - unified color, groom distinguished, mixed fall tones",
    "timeline": "September wedding ordering timeline calendar graphic showing order deadlines for custom vs off-the-rack",
    "photography": "Split image showing how different suit colors photograph against September golden hour and fall foliage backdrops"
  }
}
