{
  "title": "Your First Professional Suit: Young Professional's Guide 2026 (Navy vs. Charcoal, Interview-Ready Styling & Career Versatility)",
  "slug": "first-professional-suit-young-professionals-guide-2026",
  "excerpt": "A quality suit isn't an expense—it's a career investment. Here's how to choose, fit, and style your first professional suit for maximum versatility across interviews, business meetings, weddings, and formal events.",
  "content_type": "blog_post",
  "category": "Professional Wardrobe Guide",
  "author": "KCT Style Team",
  "scheduled_date": "2026-08-17",
  "priority": 1,
  "status": "draft",
  "read_time": "14 min read",
  "target_keywords": [
    "first professional suit young men",
    "best first suit for interviews",
    "young professional wardrobe essentials",
    "navy vs charcoal first suit",
    "college graduate interview suit",
    "entry level professional attire",
    "how much spend first suit"
  ],
  "tags": [
    "first suit",
    "young professionals",
    "interview suits",
    "navy suits",
    "charcoal suits",
    "career investment",
    "professional wardrobe",
    "college graduates",
    "tailoring",
    "Southwest Michigan"
  ],
  "internal_links": [
    "/suits/navy",
    "/suits/charcoal",
    "/suits/professional",
    "/services/tailoring"
  ],
  "word_count": 2800,
  "seo_notes": "Investment-focused content positioning first suit as career foundation. Navy vs charcoal comparison targets common search query. Budget tiers address price sensitivity. Fit guide establishes expertise. Mistake section provides immediate value. FAQ targets featured snippets.",
  "image_prompts": {
    "hero": "Young professional man in perfectly fitted navy suit, modern office or interview setting, confident professional pose, clean styling",
    "navy_charcoal": "Side by side comparison of navy and charcoal suits on young professional men, same styling different colors",
    "fit_guide": "Suit fit diagram showing key fit points - shoulders, sleeves, jacket length, waist - with measurement indicators",
    "interview": "Interview-ready styling example, conservative navy suit with white shirt and subtle tie, professional environment",
    "budget_tiers": "Three suit price tier comparison visual, showing quality differences at $300, $500, $800 price points",
    "mistakes": "Before/after showing common first suit mistakes - poor fit, wrong color, cheap shoes - vs correct styling"
  }
}
