{
  "title": "College Wardrobe Essentials: WMU & Kalamazoo Students",
  "slug": "college-wardrobe-essentials-wmu-kalamazoo",
  "excerpt": "College wardrobe guide for Western Michigan University students in Kalamazoo. Interview suits, internship attire, and professional basics for career-ready students.",
  "content_type": "local_seo_blog",
  "category": "Local SEO - College Students",
  "author": "KCT Style Team",
  "scheduled_date": "2026-08-10",
  "priority": 1,
  "status": "draft",
  "read_time": "9 min read",
  "target_keywords": [
    "WMU student suits",
    "college interview attire Kalamazoo",
    "Western Michigan University professional clothes",
    "intern suit Portage",
    "career fair outfit Kalamazoo",
    "college graduation suit Michigan"
  ],
  "local_keywords": [
    "WMU career fair dress code",
    "Kalamazoo College interview suit",
    "Bernhard Center career fair attire",
    "Haworth College of Business suit",
    "student suits Kalamazoo",
    "KVCC professional wear"
  ],
  "tags": [
    "local SEO",
    "college students",
    "WMU",
    "Western Michigan University",
    "Kalamazoo College",
    "KVCC",
    "career fair",
    "interview attire",
    "student discount",
    "professional wardrobe"
  ],
  "internal_links": [
    "/suits/navy",
    "/suits",
    "/shirts/dress",
    "/ties",
    "/appointments",
    "/locations"
  ],
  "local_schools_mentioned": [
    "Western Michigan University (WMU)",
    "Kalamazoo College",
    "Kalamazoo Valley Community College (KVCC)",
    "Haworth College of Business"
  ],
  "service_areas": [
    "Kalamazoo",
    "Portage",
    "WMU Campus",
    "Kalamazoo College area"
  ],
  "word_count": 2100,
  "local_seo_score": 94,
  "seo_notes": "Highly targeted content for college student searches in Kalamazoo area. WMU-specific references (Bernhard Center, Haworth College) capture local search traffic. Industry-specific dress code guidance provides practical value. Budget section addresses student concerns. Student discount mention drives conversions. FAQ targets common college wardrobe queries.",
  "schema_types": ["LocalBusiness", "FAQPage"],
  "promotional_elements": {
    "student_discount": "Available with valid college ID",
    "alterations": "Complimentary basic alterations included"
  },
  "seasonal_relevance": "Peak back-to-school (August) and pre-career-fair periods",
  "image_prompts": {
    "hero": "College student in navy interview suit at WMU campus setting, confident professional pose, fall back-to-school atmosphere, professional photography",
    "career_fair": "Young professional at career fair in charcoal suit, talking to recruiter, professional networking environment, WMU Bernhard Center style, professional event photography",
    "interview": "College student in navy suit ready for job interview, portfolio in hand, campus office building background, professional career photography",
    "basics": "Flat lay of college professional wardrobe essentials - navy suit, white dress shirts, ties, leather belt, dress shoes - arranged on light surface, editorial product photography"
  }
}
