{
  "title": "Labor Day Weekend Style in Kalamazoo & Lake Michigan",
  "slug": "labor-day-weekend-style-kalamazoo",
  "excerpt": "Labor Day weekend style guide for Kalamazoo and Southwest Michigan. End-of-summer events, lake getaways, and transitional style for Michigan's last summer holiday.",
  "content_type": "local_seo_blog",
  "category": "Local SEO - Labor Day",
  "author": "KCT Style Team",
  "scheduled_date": "2026-08-24",
  "priority": 2,
  "status": "draft",
  "read_time": "7 min read",
  "target_keywords": [
    "Labor Day outfit Kalamazoo",
    "end of summer style Michigan",
    "Labor Day weekend Lake Michigan",
    "late summer fashion Portage",
    "transitional summer fall style",
    "Labor Day BBQ outfit"
  ],
  "local_keywords": [
    "Kalamazoo Labor Day events",
    "South Haven Labor Day weekend",
    "Paw Paw wine tasting outfit",
    "WMU football opener attire",
    "Michigan wine country style",
    "Lake Michigan late summer"
  ],
  "tags": [
    "local SEO",
    "Labor Day",
    "end of summer",
    "transitional style",
    "Kalamazoo",
    "Portage",
    "Lake Michigan",
    "wine country",
    "WMU football",
    "summer-to-fall"
  ],
  "internal_links": [
    "/blazers/summer",
    "/suits/linen",
    "/sweaters",
    "/chinos",
    "/appointments",
    "/locations"
  ],
  "local_venues_mentioned": [
    "Lake Michigan Shore",
    "South Haven",
    "St. Joseph",
    "Paw Paw vineyards",
    "Lawton wineries",
    "Round Barn Winery",
    "St. Julian Winery",
    "Tabor Hill",
    "Waldo Stadium (WMU)"
  ],
  "service_areas": [
    "Kalamazoo",
    "Portage",
    "South Haven",
    "St. Joseph",
    "Paw Paw",
    "Lawton"
  ],
  "word_count": 1900,
  "local_seo_score": 92,
  "seo_notes": "Targets Labor Day weekend search traffic for Southwest Michigan. Multiple local event types covered (lake, BBQ, wine country, football). Transitional style guidance provides practical seasonal value. Weather section adds Michigan-specific relevance. White after Labor Day question addresses common search query. FAQ targets local Labor Day style searches.",
  "schema_types": ["LocalBusiness", "FAQPage"],
  "seasonal_relevance": "Late August / Labor Day weekend",
  "weather_considerations": {
    "daytime_high": "70-85°F",
    "evening_low": "55-65°F",
    "rain_chance": "30%"
  },
  "image_prompts": {
    "hero": "Man in transitional summer-to-fall outfit at Michigan winery, light blazer over casual shirt, end-of-summer warmth, professional lifestyle photography",
    "lake": "Group of friends at Lake Michigan Labor Day celebration, men in summer blazers and chinos, late summer evening, professional event photography",
    "winery": "Well-dressed man wine tasting at Paw Paw vineyard, smart casual late summer attire, Michigan wine country setting, professional lifestyle photography",
    "football": "WMU football fans in Bronco gear with stylish casual layers, game day ready, late summer stadium atmosphere, professional event photography"
  }
}
