{
  "title": "Awards & Gala Night Style: Red Carpet Worthy Looks",
  "slug": "awards-gala-red-carpet-style",
  "excerpt": "How to dress for awards ceremonies and gala events. Red carpet-worthy suits and tuxedos that make you look like a nominee, whether you are or not.",
  "content_type": "blog_post",
  "category": "Special Events",
  "author": "KCT Style Team",
  "scheduled_date": "2026-03-13",
  "priority": 1,
  "status": "draft",
  "read_time": "6 min read",
  "word_count": 1500,
  "target_keywords": [
    "awards ceremony outfit",
    "gala attire men",
    "red carpet style",
    "awards show fashion",
    "formal event suit",
    "celebrity style"
  ],
  "tags": [
    "awards ceremony",
    "gala",
    "red carpet",
    "formal events",
    "celebrity style",
    "statement looks"
  ],
  "internal_links": [
    "/collections/tuxedos",
    "/pages/appointments",
    "/products/m438sk-03",
    "/products/m454sk-14",
    "/products/m454sk-17",
    "/products/m436sk-01"
  ],
  "products_featured": [
    {"handle": "m438sk-03", "name": "Gold Double Breasted Suit", "price": 269},
    {"handle": "m454sk-14", "name": "Emerald Velvet Sparkle Tuxedo", "price": 299},
    {"handle": "m454sk-17", "name": "Burgundy Velvet Sparkle Tuxedo", "price": 299},
    {"handle": "m436sk-01", "name": "White & Gold Floral Suit", "price": 299}
  ],
  "schema_types": ["BlogPosting", "FAQPage", "Product"],
  "image_prompts": {
    "hero": "Man in gold suit at awards ceremony, red carpet backdrop, photographers flashing, celebrity atmosphere",
    "velvet_sparkle": "Emerald velvet sparkle tuxedo under gala lighting, champagne and elegance",
    "red_carpet_pose": "Man posing on red carpet in burgundy velvet, confident stance, paparazzi style",
    "gala_scene": "Upscale gala event with well-dressed attendees, chandeliers, sophisticated atmosphere"
  }
}
