{
  "title": "Black-Tie & Formal Events Guide: Tuxedo Dress Code Decoded",
  "slug": "black-tie-formal-events-guide",
  "excerpt": "Complete guide to black-tie dress code. What to wear for formal events, galas, and black-tie optional occasions. Tuxedo rules and stylish alternatives.",
  "content_type": "blog_post",
  "category": "Special Events",
  "author": "KCT Style Team",
  "scheduled_date": "2026-03-12",
  "priority": 1,
  "status": "draft",
  "read_time": "7 min read",
  "word_count": 1600,
  "target_keywords": [
    "black tie dress code",
    "formal event attire",
    "tuxedo guide",
    "black tie optional",
    "gala outfit",
    "formal occasion"
  ],
  "tags": [
    "black tie",
    "formal events",
    "tuxedo",
    "dress code",
    "gala",
    "evening wear"
  ],
  "internal_links": [
    "/collections/tuxedos",
    "/pages/appointments",
    "/products/m448sk-02",
    "/products/m454sk-19",
    "/products/m435sk-06",
    "/products/m454sk-17"
  ],
  "products_featured": [
    {"handle": "m448sk-02", "name": "Black Velvet Collar Tuxedo", "price": 309},
    {"handle": "m454sk-19", "name": "Black Velvet Sparkle Tuxedo", "price": 299},
    {"handle": "m435sk-06", "name": "Navy Velvet Chevron Suit", "price": 309},
    {"handle": "m454sk-17", "name": "Burgundy Velvet Sparkle Tuxedo", "price": 299}
  ],
  "schema_types": ["BlogPosting", "FAQPage", "Product"],
  "image_prompts": {
    "hero": "Man in classic black tuxedo at formal gala event, elegant venue, chandelier lighting",
    "tuxedo_detail": "Close-up of tuxedo details - satin lapel, bow tie, studs, pocket square - editorial style",
    "dress_code_comparison": "Side by side comparison of black-tie vs cocktail attire on models",
    "contemporary_formal": "Modern formal look - velvet tuxedo jacket in burgundy, upscale event setting"
  }
}
