{
  "title": "How to Stand Out at Prom 2026: Bold Tuxedos That Make a Statement",
  "slug": "bold-statement-tuxedos-prom-2026",
  "excerpt": "Don't blend in at prom 2026. Discover bold tuxedos in red, purple, royal blue and unique patterns that guarantee you'll be remembered.",
  "content_type": "blog_post",
  "category": "Prom 2026",
  "author": "KCT Style Team",
  "scheduled_date": "2026-01-26",
  "priority": 1,
  "status": "draft",
  "read_time": "5 min read",
  "word_count": 1400,
  "target_keywords": [
    "bold prom tuxedo",
    "statement prom suit",
    "red tuxedo prom",
    "purple tuxedo prom 2026",
    "unique prom outfit",
    "stand out prom",
    "royal blue tuxedo prom",
    "colorful prom tuxedo"
  ],
  "tags": [
    "prom 2026",
    "bold tuxedos",
    "statement style",
    "red tuxedo",
    "purple tuxedo",
    "royal blue tuxedo",
    "confidence"
  ],
  "internal_links": [
    "/collections/prom-tuxedos",
    "/pages/appointments",
    "/products/m436sk-02",
    "/products/m438sk-06",
    "/products/m438sk-10",
    "/products/m436sk-05",
    "/products/m435sk-04",
    "/products/m454sk-14"
  ],
  "products_featured": [
    {"handle": "m436sk-02", "name": "Purple Damask Tuxedo", "price": 309},
    {"handle": "m438sk-06", "name": "Red Double Breasted Tuxedo", "price": 269},
    {"handle": "m438sk-10", "name": "Royal Blue Double Breasted Tuxedo", "price": 269},
    {"handle": "m436sk-05", "name": "Bright Blue Print Tuxedo", "price": 309},
    {"handle": "m435sk-04", "name": "Teal Velvet Chevron Tuxedo", "price": 309},
    {"handle": "m454sk-14", "name": "Emerald Green Velvet Sparkle Tuxedo", "price": 359}
  ],
  "schema_types": ["BlogPosting", "FAQPage", "Product"],
  "image_prompts": {
    "hero": "Young man in bold red double breasted tuxedo, confident power pose, dramatic lighting, prom formal setting, professional fashion photography",
    "color_grid": "Four bold tuxedos displayed - red, purple, royal blue, emerald green - vibrant colors, studio lighting, editorial menswear photography",
    "confidence": "Young man in purple damask tuxedo at prom, smiling confidently, surrounded by friends in basic suits, candid event photography",
    "styling": "Flat lay of bold tuxedo accessories - simple black tie, minimal watch, clean styling against colorful jacket, editorial product photography"
  }
}
