{
  "title": "Bold Colored Suits: Royal Blue, Gold, Red & More",
  "slug": "bold-colored-suits-guide",
  "excerpt": "How to wear bold colored suits with confidence. Royal blue, gold, red, emerald green - learn when and how to make a statement with color.",
  "content_type": "blog_post",
  "category": "Color Guide",
  "author": "KCT Style Team",
  "scheduled_date": "2026-03-05",
  "priority": 1,
  "status": "draft",
  "read_time": "6 min read",
  "word_count": 1500,
  "target_keywords": [
    "bold colored suits",
    "royal blue suit",
    "gold suit",
    "red suit",
    "green suit",
    "statement suits",
    "colorful suits"
  ],
  "tags": [
    "bold colors",
    "royal blue",
    "gold",
    "red",
    "emerald",
    "statement style",
    "prom"
  ],
  "internal_links": [
    "/collections/suits",
    "/pages/appointments",
    "/products/m438sk-10",
    "/products/m438sk-03",
    "/products/m454sk-14",
    "/products/m438sk-06"
  ],
  "products_featured": [
    {"handle": "m438sk-10", "name": "Royal Blue Double Breasted Suit", "price": 269},
    {"handle": "m438sk-03", "name": "Gold Double Breasted Suit", "price": 269},
    {"handle": "m454sk-14", "name": "Emerald Velvet Sparkle Tuxedo", "price": 299},
    {"handle": "m438sk-06", "name": "Red Double Breasted Suit", "price": 269}
  ],
  "schema_types": ["BlogPosting", "FAQPage", "Product"],
  "image_prompts": {
    "hero": "Multiple bold colored suits displayed together - royal blue, gold, emerald, red - vibrant professional photography",
    "royal_blue": "Man in royal blue double breasted suit, confident pose, professional photography",
    "gold_styling": "Gold suit styled with black shirt, prom or gala setting, glamorous atmosphere",
    "color_comparison": "Bold suits arranged in color spectrum - blue to green to gold to red - editorial display"
  }
}
