{
  "title": "Building Your Personal Style: Finding What Works for You",
  "slug": "building-personal-style-guide",
  "excerpt": "Develop your personal style identity. Learn how to discover what suits you, build a cohesive wardrobe, and express your personality through clothing.",
  "content_type": "blog_post",
  "category": "Style Guide",
  "author": "KCT Style Team",
  "scheduled_date": "2026-03-18",
  "priority": 1,
  "status": "draft",
  "read_time": "7 min read",
  "word_count": 1700,
  "target_keywords": [
    "personal style men",
    "find your style",
    "wardrobe building",
    "style identity",
    "men's fashion advice",
    "develop style"
  ],
  "tags": [
    "personal style",
    "style development",
    "wardrobe building",
    "style identity",
    "fashion advice",
    "self-expression"
  ],
  "internal_links": [
    "/collections/suits",
    "/pages/appointments"
  ],
  "products_featured": [],
  "schema_types": ["BlogPosting", "FAQPage", "HowTo"],
  "image_prompts": {
    "hero": "Confident man examining his reflection in full-length mirror, personal style moment, modern closet",
    "style_types": "Four men representing different style archetypes - classic, modern, creative, minimalist - side by side",
    "color_selection": "Color swatches arranged by warm and cool tones, men's wardrobe colors",
    "wardrobe_foundation": "Organized closet with essential menswear pieces - navy suit, white shirts, quality shoes"
  }
}
