{
  "title": "Building a Professional Wardrobe: Essential Suits Every Man Needs",
  "slug": "building-professional-wardrobe",
  "excerpt": "Build a professional wardrobe with these essential suits. Learn which colors and styles to invest in first for maximum versatility and impact.",
  "content_type": "blog_post",
  "category": "Business Professional",
  "author": "KCT Style Team",
  "scheduled_date": "2026-02-25",
  "priority": 1,
  "status": "draft",
  "read_time": "7 min read",
  "word_count": 1500,
  "target_keywords": [
    "professional wardrobe",
    "essential suits",
    "work wardrobe",
    "business attire basics",
    "suit collection",
    "wardrobe essentials",
    "capsule wardrobe men"
  ],
  "tags": [
    "professional",
    "wardrobe",
    "essentials",
    "business",
    "career",
    "investment pieces"
  ],
  "internal_links": [
    "/collections/suits",
    "/pages/appointments",
    "/products/m438sk-09",
    "/products/m438sk-02",
    "/products/m435sk-06",
    "/products/m438sk-07"
  ],
  "products_featured": [
    {"handle": "m438sk-09", "name": "Navy Double Breasted Suit", "price": 269},
    {"handle": "m438sk-02", "name": "Light Gray Double Breasted Suit", "price": 269},
    {"handle": "m435sk-06", "name": "Navy Velvet Chevron Suit", "price": 309},
    {"handle": "m438sk-07", "name": "Burgundy Double Breasted Suit", "price": 269}
  ],
  "schema_types": ["BlogPosting", "FAQPage", "Product"],
  "image_prompts": {
    "hero": "Professional man standing in front of organized wardrobe with multiple suits visible, clean modern closet, business professional photography",
    "navy_suit": "Navy double breasted suit on mannequin or model, professional photography, clean background, business setting",
    "suit_rotation": "Three suits hanging in closet - navy, charcoal, light gray - organized professional wardrobe",
    "accessories": "Professional accessories laid out - ties, pocket squares, cufflinks - editorial flat lay style"
  }
}
