{
  "title": "Burgundy Suits: How to Wear Wine, Maroon & Bordeaux",
  "slug": "burgundy-suits-styling-guide",
  "excerpt": "Master the art of wearing burgundy suits. From wine to maroon to bordeaux, learn how to style this bold color for weddings, events, and making a statement.",
  "content_type": "blog_post",
  "category": "Color Guide",
  "author": "KCT Style Team",
  "scheduled_date": "2026-03-03",
  "priority": 1,
  "status": "draft",
  "read_time": "6 min read",
  "word_count": 1500,
  "target_keywords": [
    "burgundy suit styling",
    "wine suit",
    "maroon suit",
    "bordeaux suit",
    "how to wear burgundy",
    "red suit combinations",
    "burgundy wedding suit"
  ],
  "tags": [
    "burgundy",
    "wine",
    "maroon",
    "styling guide",
    "color coordination",
    "bold colors"
  ],
  "internal_links": [
    "/collections/suits",
    "/pages/appointments",
    "/products/m438sk-07",
    "/products/m454sk-17",
    "/products/m438sk-06",
    "/products/m436sk-02"
  ],
  "products_featured": [
    {"handle": "m438sk-07", "name": "Burgundy Double Breasted Suit", "price": 269},
    {"handle": "m454sk-17", "name": "Burgundy Velvet Sparkle Tuxedo", "price": 299},
    {"handle": "m438sk-06", "name": "Red Double Breasted Suit", "price": 269},
    {"handle": "m436sk-02", "name": "Purple Damask Suit", "price": 299}
  ],
  "schema_types": ["BlogPosting", "FAQPage", "Product"],
  "image_prompts": {
    "hero": "Burgundy double breasted suit on model, professional photography, rich wine color visible, elegant setting",
    "shirt_pairings": "Burgundy suit with different shirt options - white, black, pink - styled comparison",
    "tie_combinations": "Ties and bow ties that pair with burgundy - black, gold, navy - arranged artfully",
    "occasion_styling": "Burgundy suit styled for wedding - complete look with accessories and boutonniere"
  }
}
