{
  "title": "Classic Navy & Black Wedding Suits: Timeless Groom Style",
  "slug": "classic-navy-black-wedding-suits",
  "excerpt": "Navy and black wedding suits never go out of style. Shop our collection of classic groom suits in navy, black, and midnight blue.",
  "content_type": "blog_post",
  "category": "Wedding",
  "author": "KCT Style Team",
  "scheduled_date": "2026-02-04",
  "priority": 1,
  "status": "draft",
  "read_time": "7 min read",
  "word_count": 1500,
  "target_keywords": [
    "navy wedding suit",
    "black wedding suit",
    "classic groom suit",
    "traditional wedding attire",
    "navy groom suit",
    "black tuxedo wedding",
    "timeless wedding suit"
  ],
  "tags": [
    "wedding",
    "groom",
    "navy suits",
    "black suits",
    "classic style",
    "timeless"
  ],
  "internal_links": [
    "/collections/wedding-suits",
    "/pages/appointments",
    "/products/m438sk-09",
    "/products/m435sk-06",
    "/products/m454sk-20",
    "/products/m438sk-10",
    "/products/m454sk-19",
    "/products/m448sk-02"
  ],
  "products_featured": [
    {"handle": "m438sk-09", "name": "Navy Double Breasted Wedding Suit", "price": 269},
    {"handle": "m435sk-06", "name": "Navy Velvet Chevron Wedding Suit", "price": 309},
    {"handle": "m454sk-20", "name": "Navy Velvet Sparkle Wedding Suit", "price": 359},
    {"handle": "m438sk-10", "name": "Royal Blue Double Breasted Suit", "price": 269},
    {"handle": "m454sk-19", "name": "Black Velvet Sparkle Tuxedo", "price": 359},
    {"handle": "m448sk-02", "name": "Black Velvet Collar Tuxedo", "price": 309}
  ],
  "schema_types": ["BlogPosting", "FAQPage", "Product"],
  "image_prompts": {
    "hero": "Handsome groom in classic navy wedding suit, elegant venue background, professional wedding photography, timeless style, natural lighting",
    "navy_collection": "Four navy wedding suits displayed - double breasted, velvet, sparkle finish - studio lighting, editorial wedding photography",
    "black_formal": "Groom in black velvet tuxedo at evening wedding, dramatic lighting, formal venue, sophisticated atmosphere",
    "comparison": "Side by side comparison of navy suit and black suit on models, clean background, showing both options for grooms"
  }
}
