{
  "title": "Conference & Presentation Attire: Command the Room",
  "slug": "conference-presentation-attire",
  "excerpt": "What to wear for conferences, presentations, and speaking engagements. Look authoritative, professional, and memorable without distracting from your message.",
  "content_type": "blog_post",
  "category": "Business Professional",
  "author": "KCT Style Team",
  "scheduled_date": "2026-02-26",
  "priority": 1,
  "status": "draft",
  "read_time": "6 min read",
  "word_count": 1400,
  "target_keywords": [
    "conference attire",
    "presentation outfit",
    "speaking engagement",
    "professional speaker style",
    "business conference",
    "keynote outfit",
    "stage presence"
  ],
  "tags": [
    "conference",
    "presentation",
    "speaker",
    "professional",
    "business",
    "public speaking"
  ],
  "internal_links": [
    "/collections/suits",
    "/pages/appointments",
    "/products/m438sk-09",
    "/products/m438sk-07",
    "/products/m438sk-10",
    "/products/m438sk-02"
  ],
  "products_featured": [
    {"handle": "m438sk-09", "name": "Navy Double Breasted Suit", "price": 269},
    {"handle": "m438sk-07", "name": "Burgundy Double Breasted Suit", "price": 269},
    {"handle": "m438sk-10", "name": "Royal Blue Double Breasted Suit", "price": 269},
    {"handle": "m438sk-02", "name": "Light Gray Double Breasted Suit", "price": 269}
  ],
  "schema_types": ["BlogPosting", "FAQPage", "Product"],
  "image_prompts": {
    "hero": "Professional speaker at podium in navy double breasted suit, conference setting, confident pose, professional event photography",
    "stage_outfit": "Man in burgundy suit on conference stage with presentation screen behind, professional speaking engagement",
    "panel_discussion": "Business panel discussion with well-dressed professionals, conference setting, professional photography",
    "backstage_prep": "Speaker adjusting suit jacket backstage at conference, mirror, preparation moment"
  }
}
