{
  "title": "Corporate Holiday Party Suits in Kalamazoo",
  "slug": "corporate-holiday-party-suits-kalamazoo",
  "excerpt": "Corporate holiday party suits in Kalamazoo and Southwest Michigan. Dress codes decoded for Stryker, Bronson, Pfizer events. Festive professional attire that works.",
  "content_type": "local_seo_blog",
  "category": "Local SEO - Corporate Events",
  "author": "KCT Style Team",
  "scheduled_date": "2026-12-01",
  "priority": 1,
  "status": "draft",
  "read_time": "8 min read",
  "target_keywords": [
    "corporate holiday party Kalamazoo",
    "Christmas party suits Portage",
    "office party attire Michigan",
    "professional festive wear Southwest Michigan",
    "business formal holiday Kalamazoo",
    "work Christmas party suit"
  ],
  "local_keywords": [
    "Stryker holiday party attire",
    "Bronson Healthcare event dress code",
    "Pfizer Christmas party suit",
    "WMU gala formal wear",
    "Kalamazoo corporate event",
    "Portage business formal"
  ],
  "tags": [
    "local SEO",
    "corporate holiday party",
    "Christmas party",
    "Kalamazoo",
    "Portage",
    "Southwest Michigan",
    "business formal",
    "festive attire",
    "professional dress"
  ],
  "internal_links": [
    "/suits",
    "/suits/navy",
    "/suits/charcoal",
    "/blazers/velvet",
    "/accessories",
    "/appointments"
  ],
  "local_employers_mentioned": [
    "Stryker",
    "Bronson Healthcare",
    "Pfizer",
    "Zoetis",
    "Western Michigan University"
  ],
  "word_count": 1700,
  "local_seo_score": 94,
  "seo_notes": "Targets corporate holiday party search traffic for Kalamazoo area professionals. References major local employers by name to capture company-specific searches. Dress code decoder provides practical workplace value. Velvet appropriateness section addresses trend with corporate context. FAQ targets local search queries.",
  "schema_types": ["LocalBusiness", "FAQPage"],
  "image_prompts": {
    "hero": "Professional man in navy suit with festive burgundy tie at elegant corporate holiday party, tasteful Christmas decorations in background, warm ambient lighting, professional event photography",
    "dress_code": "Three male professionals at office holiday party in varying levels of formality - full suit, blazer with dress pants, business casual - showing dress code spectrum, festive office setting",
    "velvet": "Close-up of man adjusting burgundy velvet blazer lapel, white dress shirt visible, gold watch on wrist, holiday party lighting, editorial menswear photography",
    "accessories": "Flat lay of holiday party accessories - burgundy tie, green pocket square, festive cufflinks, watch - arranged on dark surface, editorial product photography"
  }
}
