{
  "title": "New Year's Eve Formal Wear in Kalamazoo & Southwest Michigan",
  "slug": "new-years-eve-formal-wear-kalamazoo",
  "excerpt": "New Year's Eve tuxedos and formal wear in Kalamazoo, Portage, and Southwest Michigan. Black-tie, galas, and midnight celebration styling for NYE 2026.",
  "content_type": "local_seo_blog",
  "category": "Local SEO - NYE",
  "author": "KCT Style Team",
  "scheduled_date": "2026-12-15",
  "priority": 1,
  "status": "draft",
  "read_time": "8 min read",
  "target_keywords": [
    "New Year's Eve tuxedo Kalamazoo",
    "NYE formal wear Portage",
    "black tie Michigan",
    "midnight celebration suits Southwest Michigan",
    "tuxedo rental Kalamazoo NYE",
    "New Year's Eve suit Michigan"
  ],
  "local_keywords": [
    "Kalamazoo NYE gala",
    "Portage New Year's Eve party",
    "Southwest Michigan black tie",
    "Gull Lake Country Club NYE",
    "downtown Kalamazoo celebration",
    "Battle Creek New Year's formal"
  ],
  "tags": [
    "local SEO",
    "New Year's Eve",
    "NYE",
    "tuxedo",
    "Kalamazoo",
    "Portage",
    "Southwest Michigan",
    "black tie",
    "velvet",
    "formal wear"
  ],
  "internal_links": [
    "/tuxedos",
    "/tuxedos/velvet",
    "/tuxedos/black",
    "/tuxedos/navy",
    "/suits",
    "/appointments"
  ],
  "local_venues_mentioned": [
    "Downtown Kalamazoo hotels",
    "Gull Lake Country Club",
    "Kalamazoo Country Club",
    "Bell's Brewery",
    "Arcadia Ales"
  ],
  "word_count": 1700,
  "local_seo_score": 93,
  "seo_notes": "Targets NYE formal wear search traffic for Kalamazoo area. References local venues and celebration types. Tuxedo options section provides decision guidance. Dark suit alternative acknowledges various event formalities. Timeline creates urgency. FAQ targets local search queries with featured snippet potential.",
  "schema_types": ["LocalBusiness", "FAQPage"],
  "image_prompts": {
    "hero": "Elegant man in black tuxedo with satin lapels at New Year's Eve gala, champagne glass in hand, festive lighting with bokeh, midnight celebration atmosphere, professional event photography",
    "tuxedo": "Full body shot of man in classic black tuxedo with bow tie, standing confidently in formal venue, NYE decorations visible, professional formal wear photography",
    "velvet_option": "Man in midnight blue velvet dinner jacket with black trousers, New Year's Eve setting, sophisticated lighting, editorial menswear photography",
    "countdown": "Group of well-dressed men at NYE party raising champagne glasses, formal attire, festive countdown atmosphere, professional event photography"
  }
}
