{
  "title": "December 19, 2026 Wedding Suits: Pre-Christmas Elegance (Winter Colors, Warm Fabrics & Holiday-Adjacent Styling)",
  "slug": "december-19-2026-wedding-suits-guide",
  "excerpt": "Complete December 19, 2026 wedding guide. Winter colors, warm fabrics, and holiday-adjacent styling for the premium Saturday before Christmas.",
  "content_type": "blog_post",
  "category": "Winter Wedding Guide",
  "author": "KCT Style Team",
  "scheduled_date": "2026-12-15",
  "priority": 1,
  "status": "draft",
  "read_time": "12 min read",
  "target_keywords": [
    "December 19 2026 wedding suits",
    "December wedding suit colors",
    "winter wedding before Christmas",
    "holiday season wedding attire",
    "pre-Christmas wedding suits",
    "December Saturday wedding formal"
  ],
  "tags": [
    "December wedding",
    "winter wedding",
    "pre-Christmas",
    "December 19 2026",
    "heavy wool",
    "winter fabrics",
    "holiday styling",
    "festive elegance",
    "Southwest Michigan"
  ],
  "internal_links": [
    "/suits/winter",
    "/suits/burgundy",
    "/suits/navy",
    "/suits/heavy-wool",
    "/services/wedding"
  ],
  "word_count": 2600,
  "seo_notes": "Captures specific date traffic for December 19, 2026 premium wedding Saturday. Color philosophy section establishes winter palette authority. Fabric weight guidance provides practical value. Holiday balance section addresses festive-vs-costume concern. Photography considerations help planning. Guest attire guide expands audience beyond grooms. FAQ targets featured snippets for December wedding queries.",
  "image_prompts": {
    "hero": "December winter wedding atmosphere - groom in burgundy suit at snow-dusted venue, tasteful holiday decorations, warm lighting",
    "burgundy": "Groom in burgundy suit at pre-Christmas wedding, festive but sophisticated venue, evening lighting",
    "fabrics": "Heavy wool, flannel, and tweed fabric swatches showing winter-weight options, rich textures",
    "styling": "Split panel showing festive sophistication vs Christmas costume - jewel tones vs literal holiday icons",
    "photography": "Wedding party in winter light, outdoor photos with brief cold exposure, warm coats available"
  }
}
