{
  "title": "January 2027 Wedding Suits: New Year, New Beginnings (Winter Wedding Colors & Early-Year Trends Preview)",
  "slug": "january-2027-wedding-suits-guide",
  "excerpt": "January 2027 wedding suit guide. Winter colors, heavy fabrics, new beginnings styling. Shopping timeline for January ceremonies and early-year wedding trends.",
  "content_type": "blog_post",
  "category": "Winter Wedding Guide",
  "author": "KCT Style Team",
  "scheduled_date": "2026-12-29",
  "priority": 1,
  "status": "draft",
  "read_time": "10 min read",
  "target_keywords": [
    "January 2027 wedding suits",
    "January wedding suit colors",
    "New Year wedding attire",
    "winter wedding suits January",
    "post-holiday wedding suits",
    "heavy wool January wedding"
  ],
  "tags": [
    "January wedding",
    "winter wedding",
    "2027 wedding",
    "new beginnings",
    "heavy wool",
    "charcoal suit",
    "navy suit",
    "winter fabrics",
    "Southwest Michigan"
  ],
  "internal_links": [
    "/suits/winter",
    "/suits/heavy-wool",
    "/suits/tweed",
    "/suits/flannel",
    "/services/wedding",
    "/appointments"
  ],
  "word_count": 2200,
  "seo_notes": "Captures forward-looking January 2027 wedding traffic from late December 2026 shoppers. Timeline urgency section provides honest assessment for last-minute planners. Color section establishes darker-than-December winter palette authority. Fabric weight section emphasizes January necessity. New beginnings symbolism section provides styling inspiration. Groomsmen coordination adds party-planning value. FAQ targets featured snippets for January wedding queries. Strong commercial intent with appointment urgency.",
  "image_prompts": {
    "hero": "January winter wedding atmosphere - groom in charcoal heavy wool suit, snow-covered venue, minimal winter elegance, new beginnings mood",
    "colors": "Deep winter color palette - black, charcoal, midnight navy, deep burgundy, dark forest green fabric swatches",
    "fabrics": "Heavy wool, flannel, and tweed fabric detail shots showing January-appropriate weight and texture",
    "symbolism": "New beginnings styling elements - silver accessories, crisp white shirt details, clean slate aesthetic",
    "groomsmen": "Winter wedding party in coordinated heavy fabrics, outdoor January photography, cohesive winter look"
  }
}
