{
  "title": "New Year's Eve 2026 Tuxedo Guide: Midnight Statement Looks (Velvet, Bold Colors, Black-Tie Glamour)",
  "slug": "new-years-eve-2026-tuxedo-guide",
  "excerpt": "Complete NYE 2026 tuxedo guide. Black, navy, burgundy, emerald, white options. Velvet authority, dress code decoder, midnight styling for galas and celebrations.",
  "content_type": "blog_post",
  "category": "New Year's Eve Formal",
  "author": "KCT Style Team",
  "scheduled_date": "2026-12-22",
  "priority": 1,
  "status": "draft",
  "read_time": "13 min read",
  "target_keywords": [
    "New Year's Eve tuxedo 2026",
    "NYE tuxedo men 2026",
    "New Year's Eve formal wear",
    "midnight celebration tuxedo",
    "black tie New Year's party",
    "velvet tuxedo NYE"
  ],
  "tags": [
    "New Year's Eve",
    "tuxedo",
    "NYE 2026",
    "velvet tuxedo",
    "black tie",
    "midnight celebration",
    "formal wear",
    "burgundy tuxedo",
    "emerald tuxedo",
    "Southwest Michigan"
  ],
  "internal_links": [
    "/tuxedos",
    "/tuxedos/velvet",
    "/tuxedos/black",
    "/tuxedos/navy",
    "/tuxedos/burgundy",
    "/accessories/formal"
  ],
  "word_count": 2800,
  "seo_notes": "Captures peak NYE tuxedo search traffic for December 31, 2026 Thursday celebration. Tuxedo color hierarchy establishes authority across formality levels. Velvet section reinforces December fabric momentum. Dress code decoder addresses invitation confusion. Three styling approaches serve different confidence levels. Photography section adds practical value. FAQ targets featured snippets for NYE formal queries. Strong commercial intent with tuxedo collection CTA.",
  "image_prompts": {
    "hero": "New Year's Eve celebration atmosphere - man in velvet tuxedo champagne toast, midnight countdown, elegant party setting, confetti",
    "black": "Man in classic black tuxedo at NYE gala, champagne flute, ballroom setting, sophisticated lighting",
    "burgundy": "Man in burgundy velvet tuxedo at midnight celebration, New Year's party atmosphere, statement formal look",
    "emerald": "Man in emerald green velvet tuxedo at fashion-forward NYE party, bold confident styling, modern celebration",
    "styling": "Three-panel showing Classic Black-Tie, Modern Luxe, and Bold Celebration approaches to NYE tuxedos"
  }
}
