{
  "title": "Velvet Tuxedos 2026: The Luxury Holiday Statement (Black, Navy, Burgundy, Emerald + Styling Guide)",
  "slug": "velvet-tuxedos-2026-luxury-guide",
  "excerpt": "Complete velvet tuxedo guide for 2026. Black, navy, burgundy, emerald styling. How to wear velvet without looking 1970s. Holiday galas, New Year's Eve, winter weddings.",
  "content_type": "blog_post",
  "category": "Luxury Formalwear",
  "author": "KCT Style Team",
  "scheduled_date": "2026-12-08",
  "priority": 1,
  "status": "draft",
  "read_time": "14 min read",
  "target_keywords": [
    "velvet tuxedo men 2026",
    "velvet tuxedo holiday party",
    "velvet suit New Year's Eve",
    "black velvet tuxedo formal",
    "burgundy velvet tuxedo wedding",
    "how to style velvet tuxedo"
  ],
  "tags": [
    "velvet tuxedo",
    "luxury formalwear",
    "holiday gala",
    "New Year's Eve",
    "winter wedding",
    "black velvet",
    "burgundy velvet",
    "emerald velvet",
    "Southwest Michigan"
  ],
  "internal_links": [
    "/tuxedos/velvet",
    "/tuxedos/black-velvet",
    "/tuxedos/burgundy-velvet",
    "/tuxedos/navy-velvet",
    "/services/formalwear"
  ],
  "word_count": 3000,
  "seo_notes": "Establishes KCT as definitive velvet tuxedo authority. Comparison table vs wool tuxedo helps decision-making. Appropriateness guide prevents purchase regret. Color hierarchy with styling approaches for each shade. The 'not 1970s' rules directly address hesitation concerns. Care section adds practical value. FAQ targets featured snippets for velvet tuxedo queries.",
  "image_prompts": {
    "hero": "Velvet tuxedo collection display - black, navy, burgundy, and emerald velvet tuxedos on mannequins, luxury showroom setting, dramatic lighting",
    "black": "Man in black velvet tuxedo at formal gala, chandelier lighting, champagne toast moment",
    "burgundy": "Groom in burgundy velvet tuxedo at winter wedding, romantic atmosphere, warm lighting",
    "emerald": "Man in emerald green velvet tuxedo at holiday party, sophisticated styling, festive but not costume",
    "styling": "Three-panel showing Classic Black-Tie, Modern Luxe, and Holiday Statement approaches to velvet"
  }
}
