{
  "title": "Office Holiday Party Suits 2026: Festive Without Costume (Burgundy, Emerald Green, Velvet + Professional Styling)",
  "slug": "office-holiday-party-suits-2026-guide",
  "excerpt": "Complete office holiday party suit guide for 2026. Burgundy, emerald green, velvet blazers, and professional styling. How festive is too festive? We decode it all.",
  "content_type": "blog_post",
  "category": "Holiday Party Guide",
  "author": "KCT Style Team",
  "scheduled_date": "2026-12-01",
  "priority": 1,
  "status": "draft",
  "read_time": "13 min read",
  "target_keywords": [
    "holiday party suits men 2026",
    "Christmas party suit colors men",
    "festive formal wear office party",
    "what to wear corporate holiday party",
    "burgundy suit Christmas party",
    "velvet blazer holiday gathering"
  ],
  "tags": [
    "holiday party",
    "office party",
    "Christmas party",
    "burgundy suits",
    "emerald green",
    "velvet blazer",
    "festive attire",
    "corporate style",
    "Southwest Michigan"
  ],
  "internal_links": [
    "/suits/burgundy",
    "/suits/emerald-green",
    "/suits/velvet",
    "/accessories/holiday",
    "/services/styling"
  ],
  "word_count": 2800,
  "seo_notes": "Addresses the universal 'how festive is too festive' question head-on. Dress code decoder helps navigate invitation ambiguity. Industry-specific guidelines prevent professional missteps. Color hierarchy with industry appropriateness aids decision-making. Velvet section captures fabric trend momentum. The 'costume line' section prevents purchase regret. FAQ targets featured snippets for holiday party queries.",
  "image_prompts": {
    "hero": "Office holiday party atmosphere - professionals in festive but sophisticated attire, burgundy and emerald suits, upscale venue with tasteful decorations",
    "burgundy": "Man in burgundy suit at corporate holiday party, professional setting, warm party lighting",
    "emerald": "Man in emerald green blazer at creative industry party, modern styling, festive atmosphere",
    "velvet": "Close-up of velvet blazer textures in burgundy, navy, and black, luxury fabric detail",
    "accessories": "Holiday party accessories spread - burgundy ties, emerald pocket squares, gold cufflinks, festive but sophisticated"
  }
}
