{
  "title": "Destination & Beach Wedding Suits: What to Wear Oceanside",
  "slug": "destination-beach-wedding-suits",
  "excerpt": "Destination and beach wedding suits for tropical ceremonies. Light colors, breathable fabrics, and relaxed styles for sand and surf.",
  "content_type": "blog_post",
  "category": "Wedding",
  "author": "KCT Style Team",
  "scheduled_date": "2026-02-13",
  "priority": 1,
  "status": "draft",
  "read_time": "6 min read",
  "word_count": 1400,
  "target_keywords": [
    "beach wedding suit",
    "destination wedding attire",
    "tropical wedding groom",
    "casual beach wedding",
    "oceanside wedding suit",
    "resort wedding attire"
  ],
  "tags": [
    "wedding",
    "beach",
    "destination",
    "tropical",
    "summer",
    "travel"
  ],
  "internal_links": [
    "/collections/wedding-suits",
    "/pages/appointments",
    "/products/m438sk-02",
    "/products/m448sk-01",
    "/products/m439sk-16b",
    "/products/m438sk-03",
    "/products/m431sk-01",
    "/products/m436sk-01"
  ],
  "products_featured": [
    {"handle": "m438sk-02", "name": "Light Gray Double Breasted Suit", "price": 269},
    {"handle": "m448sk-01", "name": "Mint Green Suit", "price": 309},
    {"handle": "m439sk-16b", "name": "Dusty Rose Suit", "price": 289},
    {"handle": "m438sk-03", "name": "Champagne/Gold Suit", "price": 269},
    {"handle": "m431sk-01", "name": "Silver Paisley Dinner Jacket", "price": 239},
    {"handle": "m436sk-01", "name": "White & Gold Floral Jacket", "price": 309}
  ],
  "schema_types": ["BlogPosting", "FAQPage", "Product"],
  "image_prompts": {
    "hero": "Groom in light gray suit at beach wedding ceremony, ocean background, sunset lighting, professional destination wedding photography",
    "beach_colors": "Collection of light-colored suits - gray, mint, dusty rose, champagne - styled with beach/tropical elements",
    "barefoot_ceremony": "Groom barefoot in sand wearing relaxed suit no tie, beach ceremony setup, romantic atmosphere",
    "resort_evening": "Elegant dinner jacket at resort wedding reception, evening ambiance, sophisticated beach destination setting"
  }
}
