{
  "title": "Earth Tones & Neutral Suits: Tan, Cream, Brown Styling Guide",
  "slug": "earth-tones-neutral-suits-guide",
  "excerpt": "Master earth tones and neutral suits. Tan, cream, brown, olive - learn how to wear warm neutrals for weddings, summer events, and distinctive style.",
  "content_type": "blog_post",
  "category": "Color Guide",
  "author": "KCT Style Team",
  "scheduled_date": "2026-03-06",
  "priority": 1,
  "status": "draft",
  "read_time": "6 min read",
  "word_count": 1500,
  "target_keywords": [
    "tan suit",
    "cream suit",
    "brown suit",
    "earth tone suits",
    "neutral suits",
    "beige suit",
    "olive suit"
  ],
  "tags": [
    "earth tones",
    "neutral colors",
    "tan",
    "cream",
    "summer suits",
    "destination wedding"
  ],
  "internal_links": [
    "/collections/suits",
    "/pages/appointments",
    "/products/m439sk-16b",
    "/products/m448sk-01",
    "/products/m435sk-04",
    "/products/m436sk-01"
  ],
  "products_featured": [
    {"handle": "m439sk-16b", "name": "Dusty Rose Suit", "price": 269},
    {"handle": "m448sk-01", "name": "Mint Green Suit", "price": 269},
    {"handle": "m435sk-04", "name": "Teal Velvet Chevron Suit", "price": 309},
    {"handle": "m436sk-01", "name": "White & Gold Floral Suit", "price": 299}
  ],
  "schema_types": ["BlogPosting", "FAQPage", "Product"],
  "image_prompts": {
    "hero": "Earth tone suits displayed together - tan, cream, olive, dusty rose - warm natural lighting, outdoor setting",
    "beach_wedding": "Groom in cream/tan suit at beach wedding, natural light, romantic setting",
    "styling_options": "Earth tone suit with different shirt and tie pairings displayed - editorial flat lay",
    "fall_look": "Brown or rust suit styled for autumn - fall foliage background, warm photography"
  }
}
