{
  "title": "Fall Wedding Suits: Burgundy, Earth Tones & Autumn Colors",
  "slug": "fall-wedding-burgundy-earth-tones",
  "excerpt": "Fall wedding suits in burgundy, forest green, rust, and earth tones. Perfect for autumn ceremonies. Shop the best colors for fall grooms.",
  "content_type": "blog_post",
  "category": "Wedding",
  "author": "KCT Style Team",
  "scheduled_date": "2026-02-06",
  "priority": 1,
  "status": "draft",
  "read_time": "7 min read",
  "word_count": 1500,
  "target_keywords": [
    "fall wedding suit",
    "burgundy wedding suit",
    "autumn groom attire",
    "earth tone wedding",
    "rust wedding suit",
    "forest green groom",
    "velvet wedding suit"
  ],
  "tags": [
    "wedding",
    "fall",
    "autumn",
    "burgundy",
    "earth tones",
    "velvet"
  ],
  "internal_links": [
    "/collections/wedding-suits",
    "/pages/appointments",
    "/products/m438sk-07",
    "/products/m454sk-17",
    "/products/m454sk-14",
    "/products/m435sk-04",
    "/products/m438sk-09",
    "/products/m435sk-06"
  ],
  "products_featured": [
    {"handle": "m438sk-07", "name": "Burgundy Double Breasted Suit", "price": 269},
    {"handle": "m454sk-17", "name": "Burgundy Velvet Sparkle Suit", "price": 359},
    {"handle": "m454sk-14", "name": "Emerald Green Velvet Sparkle Suit", "price": 359},
    {"handle": "m435sk-04", "name": "Teal Velvet Chevron Suit", "price": 309},
    {"handle": "m438sk-09", "name": "Navy Double Breasted Suit", "price": 269},
    {"handle": "m435sk-06", "name": "Navy Velvet Chevron Suit", "price": 309}
  ],
  "schema_types": ["BlogPosting", "FAQPage", "Product"],
  "image_prompts": {
    "hero": "Groom in burgundy velvet suit standing among fall foliage, golden autumn lighting, romantic atmosphere, professional wedding photography",
    "burgundy_collection": "Two burgundy wedding suits - double breasted and velvet sparkle - displayed with fall leaves and warm autumn decor",
    "green_suits": "Emerald and teal velvet suits displayed together, rich jewel tones, fall-themed styling, editorial photography",
    "fall_ceremony": "Wedding ceremony with fall decorations, groom in burgundy suit, warm autumn colors, outdoor vineyard or rustic venue"
  }
}
