{
  "title": "Father of the Bride & Groom Style Guide: Look Distinguished",
  "slug": "father-bride-groom-style",
  "excerpt": "Style guide for fathers at weddings. How to complement the wedding party without upstaging. Classic suits, coordination tips, and distinguished looks.",
  "content_type": "blog_post",
  "category": "Wedding",
  "author": "KCT Style Team",
  "scheduled_date": "2026-02-19",
  "priority": 1,
  "status": "draft",
  "read_time": "6 min read",
  "word_count": 1400,
  "target_keywords": [
    "father of the bride suit",
    "father of groom attire",
    "wedding father outfit",
    "dad wedding suit",
    "distinguished wedding style",
    "father wedding attire"
  ],
  "tags": [
    "wedding",
    "father of bride",
    "father of groom",
    "family",
    "coordination",
    "distinguished style"
  ],
  "internal_links": [
    "/collections/wedding-suits",
    "/pages/appointments",
    "/products/m438sk-09",
    "/products/m438sk-02",
    "/products/m438sk-07",
    "/products/m435sk-06"
  ],
  "products_featured": [
    {"handle": "m438sk-09", "name": "Navy Double Breasted Suit", "price": 269},
    {"handle": "m438sk-02", "name": "Light Gray Double Breasted Suit", "price": 269},
    {"handle": "m438sk-07", "name": "Burgundy Double Breasted Suit", "price": 269},
    {"handle": "m435sk-06", "name": "Navy Velvet Chevron Suit", "price": 309}
  ],
  "schema_types": ["BlogPosting", "FAQPage", "Product"],
  "image_prompts": {
    "hero": "Distinguished father of the bride in navy suit walking daughter down aisle, emotional moment, professional wedding photography",
    "father_options": "Two distinguished suits side by side - navy double breasted and light gray - elegant presentation for fathers",
    "family_portrait": "Wedding family portrait with father of bride and father of groom both looking distinguished, coordinated but not matching",
    "fitting": "Mature gentleman being fitted for wedding suit, professional tailor, warm store atmosphere"
  }
}
