{
  "title": "Pink Suits for Men's Weddings 2026: Blush, Dusty Rose & Magenta Styling Guide",
  "slug": "pink-suits-mens-weddings-2026-styling-guide",
  "excerpt": "Pink suits have evolved from novelty to fashion legitimacy. Learn the complete shade hierarchy—blush, dusty rose, mauve, hot pink—with precise styling formulas that ensure sophistication, not costume.",
  "content_type": "style-guide",
  "category": "Style Guides",
  "author": "KCT Style Team",
  "scheduled_date": "2026-02-01",
  "priority": 1,
  "status": "draft",
  "read_time": "10 min read",
  "target_keywords": [
    "pink suits men wedding 2026",
    "blush suit men wedding",
    "dusty rose suit February",
    "hot pink suit appropriate wedding",
    "pink wedding suit formal",
    "magenta suit male wedding",
    "how to style pink suit wedding",
    "pink suit not costume wedding",
    "Kalamazoo pink wedding suit",
    "Southwest Michigan groom pink suit",
    "Valentine's pink suit men",
    "KCT Menswear pink suits"
  ],
  "tags": [
    "pink suits",
    "wedding suits",
    "2026 weddings",
    "blush pink",
    "dusty rose",
    "mauve",
    "hot pink",
    "men's fashion",
    "groomsmen coordination",
    "Valentine's Day",
    "style guide"
  ],
  "internal_links": [
    "/tailoring",
    "/velvet-collection",
    "/wedding"
  ],
  "word_count": 2100,
  "seo_notes": "Pink suits reached peak mainstream acceptance 2024-2026. Celebrity influence (Timothée Chalamet, Harry Styles) + runway presence legitimized the trend. Address 'costume concern' directly.",
  "image_prompts": {
    "hero": "Editorial fashion photography of a confident groom wearing a dusty rose pink wool suit with white dress shirt and burgundy tie, standing in an elegant indoor venue with soft natural lighting, warm tones, shallow depth of field, professional menswear magazine style, sophisticated and modern, no text",
    "section_blush": "Close-up detail shot of blush pink suit fabric texture with rose gold cufflinks visible, soft romantic lighting, luxury menswear photography, editorial style",
    "section_dusty_rose": "Full body shot of male model in dusty rose suit with charcoal accessories, minimalist modern backdrop, professional fashion photography, GQ magazine aesthetic",
    "section_styling": "Flat lay arrangement of pink suit jacket, white dress shirt, black leather shoes, burgundy tie, and rose gold accessories on marble surface, overhead editorial product photography",
    "groomsmen": "Group of groomsmen in coordinated outfits - groom in dusty rose suit center, groomsmen in charcoal suits with pink ties, outdoor wedding venue, natural lighting, professional wedding photography"
  }
}
