{
  "title": "Post-Valentine's Wedding Suits 2026: Transitional Colors & Lighter Fabrics",
  "slug": "post-valentines-wedding-suits-2026-transitional-colors",
  "excerpt": "February 15-21 offers relief from Valentine's color pressure. Discover sophisticated transitional suit colors—taupe, light gray, champagne, sage green—that bridge winter depth with spring's approaching lightness.",
  "content_type": "blog_post",
  "category": "Wedding Guides",
  "author": "KCT Style Team",
  "scheduled_date": "2026-02-15",
  "priority": 1,
  "status": "draft",
  "read_time": "7 min read",
  "target_keywords": [
    "post-Valentine's wedding suits 2026",
    "February wedding suit colors transition",
    "taupe suit February wedding",
    "light gray suit late February",
    "transitional wedding suit colors",
    "spring preview suit February",
    "sage green wedding suit 2026",
    "champagne wedding suit February",
    "Kalamazoo wedding suits late February",
    "Southwest Michigan transitional wedding"
  ],
  "tags": [
    "transitional colors",
    "wedding suits",
    "2026 weddings",
    "taupe suits",
    "light gray suits",
    "champagne suits",
    "sage green suits",
    "late February weddings",
    "spring transition",
    "Southwest Michigan"
  ],
  "internal_links": [
    "/suits",
    "/wedding",
    "/tailoring"
  ],
  "word_count": 1650,
  "seo_notes": "Target couples choosing Feb 15-21 dates who want relief from Valentine's romance color pressure. Position transitional colors as sophisticated alternatives.",
  "image_prompts": {
    "hero": "Editorial fashion photography of a groom in elegant taupe wool suit with white dress shirt and burgundy tie, sophisticated indoor venue with soft natural lighting through large windows, late winter afternoon ambiance, luxury menswear magazine style, warm neutral tones, no text",
    "section_taupe": "Full body shot of male model in taupe three-piece suit adjusting jacket button, minimalist modern backdrop with warm earth tones, professional fashion photography, GQ magazine aesthetic",
    "section_light_gray": "Groom in light gray wool suit with light blue tie standing in contemporary venue, soft diffused lighting suggesting spring emergence, clean modern composition, high-end menswear editorial",
    "section_champagne": "Close-up detail shot of champagne suit fabric with gold cufflinks visible, rose boutonniere pinned to lapel, soft bokeh background with warm golden tones, luxury product photography",
    "section_sage": "Male model in soft sage green suit with white dress shirt and brown leather shoes, nature-inspired setting with subtle greenery visible in background, contemporary fashion photography, spring preview aesthetic",
    "comparison_table": "Flat lay arrangement of four suit fabric swatches - taupe, light gray, champagne, sage green - on marble surface with seasonal flowers and styling accessories, overhead editorial product photography"
  }
}
