{
  "title": "March Wedding Suit Shopping 2026: Spring Arrival, Lightweight Fabrics & Color Palette Preview",
  "slug": "march-wedding-suit-shopping-2026-spring-preview",
  "excerpt": "February 28-29 is your last chance for winter ordering. March 1 marks spring's full arrival with lightweight tropical wool, linen blends, and the complete spring color palette finally appropriate.",
  "content_type": "blog_post",
  "category": "Wedding Guides",
  "author": "KCT Style Team",
  "scheduled_date": "2026-02-28",
  "priority": 1,
  "status": "draft",
  "read_time": "7 min read",
  "target_keywords": [
    "March wedding suits 2026",
    "spring wedding suits March",
    "lightweight suit March wedding",
    "tropical wool suits spring",
    "spring colors wedding attire",
    "sage green wedding suit 2026",
    "last chance winter suit ordering",
    "Kalamazoo spring wedding suits",
    "Southwest Michigan March weddings"
  ],
  "tags": [
    "March weddings",
    "spring suits",
    "2026 weddings",
    "tropical wool",
    "lightweight fabrics",
    "linen suits",
    "sage green suits",
    "spring colors",
    "ordering deadlines",
    "Southwest Michigan"
  ],
  "internal_links": [
    "/suits",
    "/wedding",
    "/tailoring",
    "/rush-alterations"
  ],
  "word_count": 1800,
  "seo_notes": "Create urgency for late February shoppers planning March weddings. Position as last chance winter ordering plus spring preview authority.",
  "image_prompts": {
    "hero": "Editorial fashion photography of a groom in sage green lightweight wool suit with white dress shirt, standing in bright spring-lit venue with natural greenery visible through windows, fresh optimistic atmosphere, luxury menswear magazine style, no text",
    "section_tropical_wool": "Close-up texture shot of lightweight tropical wool suit fabric in soft sage green, professional product photography showing airy weave structure, soft natural lighting",
    "section_linen": "Male model in light gray linen-blend suit with relaxed elegant pose, outdoor garden setting with spring flowers blooming, casual sophistication aesthetic, editorial fashion photography",
    "section_sage": "Full body shot of groom in sage green suit with burgundy tie and brown shoes, modern venue with botanical elements, 2026 trend styling, GQ magazine aesthetic",
    "spring_colors": "Flat lay arrangement of spring suit fabric swatches - sage green, pastel blue, blush pink, lavender, champagne - arranged on white marble with spring flowers, overhead editorial product photography",
    "groomsmen_spring": "Wedding party in coordinated spring colors - groom in sage green center, groomsmen in light gray and soft blue suits with sage green ties, outdoor spring ceremony setting, professional wedding photography"
  }
}
