{
  "title": "Winter Wedding Suits in Kalamazoo: Cold Weather Style for Michigan Ceremonies",
  "slug": "winter-wedding-suits-kalamazoo-michigan",
  "excerpt": "Winter wedding suits for Kalamazoo grooms and guests. Indoor venue attire, cold weather styling, and Michigan winter wedding fashion for January-March ceremonies.",
  "content_type": "local_seo_blog",
  "category": "Local SEO - Winter Weddings",
  "author": "KCT Style Team",
  "scheduled_date": "2026-02-16",
  "priority": 2,
  "status": "draft",
  "read_time": "8 min read",
  "target_keywords": [
    "winter wedding suit Kalamazoo",
    "cold weather wedding Michigan",
    "indoor wedding attire Portage",
    "February wedding suit Southwest Michigan",
    "winter groom suit Michigan",
    "cold weather formal wear"
  ],
  "local_keywords": [
    "Henderson Castle wedding attire",
    "Kalamazoo Country Club wedding",
    "The Gatsby wedding suit",
    "Bay Pointe wedding dress code",
    "Battle Creek winter wedding",
    "Michigan winter wedding venue"
  ],
  "tags": [
    "local SEO",
    "winter wedding",
    "cold weather",
    "Kalamazoo",
    "Portage",
    "Southwest Michigan",
    "groom suit",
    "wedding guest",
    "velvet",
    "wool suit"
  ],
  "internal_links": [
    "/suits/navy",
    "/suits/charcoal",
    "/tuxedos",
    "/blazers/velvet",
    "/services/wedding",
    "/appointments"
  ],
  "local_venues_mentioned": [
    "Henderson Castle",
    "The Gatsby",
    "Kalamazoo Country Club",
    "Bay Pointe",
    "Cityscape Events",
    "FireKeepers Casino"
  ],
  "service_areas": [
    "Kalamazoo",
    "Portage",
    "Battle Creek",
    "Paw Paw",
    "St. Joseph"
  ],
  "word_count": 1900,
  "local_seo_score": 93,
  "seo_notes": "Targets winter wedding suit searches for Southwest Michigan. Venue-specific references capture local search traffic. Fabric guide establishes expertise. Cold weather tips provide unique value for Michigan climate. Guest guide expands audience beyond grooms. FAQ targets common winter wedding queries.",
  "schema_types": ["LocalBusiness", "FAQPage"],
  "seasonal_relevance": "January through March (winter wedding season)",
  "image_prompts": {
    "hero": "Groom in charcoal wool suit at elegant indoor Michigan winter wedding venue, bride partially visible, warm interior lighting, snow visible through windows, professional wedding photography",
    "venue": "Beautiful indoor winter wedding ceremony at historic Michigan venue, elegant chandeliers, warm lighting, guests in formal attire, professional event photography",
    "groomsmen": "Groomsmen in coordinated navy suits with burgundy accents, standing together in elegant indoor venue, winter wedding styling, professional wedding party photography",
    "overcoat": "Groom wearing stylish charcoal overcoat over suit, stepping out of venue into winter scene, snow falling gently, professional winter wedding photography"
  }
}
