{
  "title": "February 22-28 Wedding Suits 2026: Last of Winter, First of Spring",
  "slug": "late-february-wedding-suits-2026-spring-preview",
  "excerpt": "February's final week marks the pivot—last of winter meets first of spring. Discover lavender, blush pink, mint green, and light blue wedding suits for grooms ready to preview spring while respecting winter's remaining presence.",
  "content_type": "blog_post",
  "category": "Wedding Guides",
  "author": "KCT Style Team",
  "scheduled_date": "2026-02-22",
  "priority": 1,
  "status": "draft",
  "read_time": "8 min read",
  "target_keywords": [
    "spring wedding suits February 2026",
    "lavender suit wedding",
    "light blush suit February",
    "spring transition wedding attire",
    "February late month spring preview",
    "mint green wedding suit",
    "light blue wedding suit",
    "Kalamazoo spring wedding suits",
    "Southwest Michigan spring weddings"
  ],
  "tags": [
    "spring preview",
    "wedding suits",
    "2026 weddings",
    "lavender suits",
    "blush pink suits",
    "mint green suits",
    "light blue suits",
    "late February weddings",
    "spring transition",
    "Southwest Michigan"
  ],
  "internal_links": [
    "/suits",
    "/wedding",
    "/tailoring"
  ],
  "word_count": 1750,
  "seo_notes": "Target couples with Feb 22-28 weddings who want spring colors. Position as permission to look forward while maintaining winter appropriateness.",
  "image_prompts": {
    "hero": "Editorial fashion photography of a groom in soft lavender wool suit with white dress shirt standing in venue with large windows showing late winter sunshine, spring light beginning to emerge, luxury menswear magazine style, hopeful optimistic atmosphere, no text",
    "section_lavender": "Full body shot of male model in lavender suit with burgundy tie, artistic modern venue backdrop with soft purple accents, contemporary fashion photography, creative romantic aesthetic",
    "section_blush": "Groom in blush pink suit adjusting cufflinks, soft romantic lighting with spring flowers visible in background, warm tender atmosphere, high-end wedding photography style",
    "section_mint": "Male model in mint green suit with white shirt and navy tie, fresh modern setting with natural greenery, crisp spring energy, professional editorial photography",
    "section_light_blue": "Side profile of groom in light blue suit against clean white backdrop with soft shadows, spring sky color aesthetic, modern minimalist fashion photography, GQ magazine style",
    "groomsmen_coordination": "Wedding party lineup - groom in lavender suit center, groomsmen in light gray suits with lavender ties, outdoor venue with early spring landscaping, professional wedding photography"
  }
}
