{
  "title": "Valentine's Day Date Night: What to Wear in Kalamazoo",
  "slug": "valentines-day-date-night-kalamazoo",
  "excerpt": "Valentine's Day outfit ideas for Kalamazoo date nights. What to wear to romantic dinners at Henderson Castle, Rustica, and downtown restaurants. Dress to impress.",
  "content_type": "local_seo_blog",
  "category": "Local SEO - Valentine's Day",
  "author": "KCT Style Team",
  "scheduled_date": "2026-02-09",
  "priority": 1,
  "status": "draft",
  "read_time": "7 min read",
  "target_keywords": [
    "Valentine's Day outfit Kalamazoo",
    "date night attire Portage",
    "romantic dinner dress code Michigan",
    "what to wear Valentine's Day",
    "Valentine's Day suit Kalamazoo",
    "date night style Southwest Michigan"
  ],
  "local_keywords": [
    "Henderson Castle dress code",
    "Rustica Kalamazoo date night",
    "Food Dance Valentine's Day",
    "Webster's Prime attire",
    "downtown Kalamazoo romantic dinner",
    "Latitude 42 dress code"
  ],
  "tags": [
    "local SEO",
    "Valentine's Day",
    "date night",
    "romantic dinner",
    "Kalamazoo",
    "Portage",
    "Henderson Castle",
    "Rustica",
    "dress code"
  ],
  "internal_links": [
    "/suits/navy",
    "/suits/charcoal",
    "/blazers",
    "/ties",
    "/appointments",
    "/locations"
  ],
  "local_restaurants_mentioned": [
    "Henderson Castle",
    "Webster's Prime",
    "Rustica",
    "Food Dance",
    "Latitude 42",
    "Martell's",
    "Principle Food & Drink",
    "Old Dog Tavern",
    "Bell's Brewery"
  ],
  "service_areas": [
    "Kalamazoo",
    "Portage"
  ],
  "word_count": 1700,
  "local_seo_score": 94,
  "seo_notes": "Targets Valentine's Day date night searches for Kalamazoo area. Restaurant-specific dress codes demonstrate local expertise and capture venue-specific searches. Outfit formulas provide actionable guidance. Color psychology section adds depth. Grooming checklist provides comprehensive value. FAQ targets local romantic dining queries.",
  "schema_types": ["LocalBusiness", "FAQPage"],
  "seasonal_relevance": "Early February, Valentine's Day week",
  "image_prompts": {
    "hero": "Well-dressed man at romantic candlelit restaurant table, navy suit with burgundy tie, elegant place setting visible, Valentine's Day date atmosphere, warm romantic lighting, professional lifestyle photography",
    "outfit": "Full body shot of man in charcoal suit with pink tie ready for Valentine's Day date, confident pose, upscale restaurant entrance background, professional fashion photography",
    "restaurant": "Interior of elegant Kalamazoo restaurant with romantic ambiance, candlelit tables, well-dressed diners, Valentine's Day atmosphere, professional venue photography",
    "details": "Flat lay of Valentine's Day date outfit accessories - burgundy tie, rose boutonniere, silver cufflinks, cologne bottle - arranged on marble surface, romantic editorial product photography"
  }
}
