{
  "title": "Valentine's Day Wedding Suits 2026: Red, Pink & Romance Colors Complete Guide",
  "slug": "valentines-day-wedding-suits-2026-romance-colors-guide",
  "excerpt": "February 14, 2026 falls on a Saturday—a rare alignment. Discover the emotional symbolism behind red, burgundy, pink, and champagne wedding suits, plus last-minute shopping timelines for Kalamazoo grooms.",
  "content_type": "blog_post",
  "category": "Wedding Guides",
  "author": "KCT Style Team",
  "scheduled_date": "2026-02-08",
  "priority": 1,
  "status": "draft",
  "read_time": "8 min read",
  "target_keywords": [
    "Valentine's Day wedding suits 2026",
    "February 14 wedding suit",
    "red wedding suit groom",
    "burgundy wedding suit Valentine's",
    "pink wedding suit men",
    "romantic wedding colors 2026",
    "Valentine's Day groom attire",
    "Kalamazoo wedding suits February",
    "Southwest Michigan Valentine wedding",
    "wedding suit color symbolism",
    "last minute wedding suit Kalamazoo",
    "rush alterations Valentine's wedding",
    "KCT Menswear wedding"
  ],
  "tags": [
    "Valentine's Day",
    "wedding suits",
    "2026 weddings",
    "romantic colors",
    "burgundy suits",
    "red suits",
    "pink suits",
    "champagne suits",
    "groomsmen coordination",
    "Kalamazoo weddings",
    "Southwest Michigan"
  ],
  "internal_links": [
    "/velvet-collection",
    "/rush-alterations",
    "/wedding"
  ],
  "word_count": 1850,
  "seo_notes": "February 14, 2026 is a SATURDAY - rare alignment (every 5-6 years). Major traffic opportunity. Publish by Feb 8 to capture peak Valentine's searches.",
  "image_prompts": {
    "hero": "Editorial fashion photography of a groom in deep burgundy velvet tuxedo with white dress shirt and black bow tie, romantic Valentine's Day wedding setting with soft candlelight and red roses in background, warm golden lighting, luxury menswear magazine style, cinematic depth of field, no text",
    "section_red": "Full body shot of male model wearing deep red wool suit, dramatic lighting against dark backdrop, powerful romantic aesthetic, high-end menswear editorial photography",
    "section_burgundy": "Groom in burgundy three-piece suit adjusting cufflinks, elegant indoor venue with chandeliers, warm ambient lighting, sophisticated wedding photography, GQ aesthetic",
    "section_pink": "Side profile of groom in blush pink suit with champagne tie, soft romantic lighting, modern minimalist venue, editorial fashion photography style",
    "section_champagne": "Close-up of champagne gold suit lapel with rose boutonniere, gold cufflinks visible, luxury detail shot, soft bokeh background, professional product photography",
    "groomsmen_coordination": "Wedding party lineup - groom in burgundy suit center, groomsmen in navy suits with burgundy ties, elegant venue backdrop, professional wedding photography, balanced composition"
  }
}
