{
  "title": "First Interview Suit Guide: Make the Right Impression",
  "slug": "first-interview-suit-guide",
  "excerpt": "Your first interview suit matters. Learn what to wear, which colors work best, and how to make a professional impression.",
  "content_type": "blog_post",
  "category": "Business Professional",
  "author": "KCT Style Team",
  "scheduled_date": "2026-02-24",
  "priority": 1,
  "status": "draft",
  "read_time": "6 min read",
  "word_count": 1400,
  "target_keywords": [
    "interview suit",
    "first job interview",
    "professional suit",
    "job interview attire",
    "what to wear interview",
    "entry level professional"
  ],
  "tags": [
    "interview",
    "professional",
    "career",
    "business",
    "first job",
    "young professional"
  ],
  "internal_links": [
    "/collections/suits",
    "/pages/appointments",
    "/products/m438sk-09",
    "/products/m438sk-02"
  ],
  "products_featured": [
    {"handle": "m438sk-09", "name": "Navy Double Breasted Suit", "price": 269},
    {"handle": "m438sk-02", "name": "Light Gray Double Breasted Suit", "price": 269}
  ],
  "schema_types": ["BlogPosting", "FAQPage", "Product"],
  "image_prompts": {
    "hero": "Young professional man in navy suit shaking hands in job interview, office setting, confident posture, professional photography",
    "suit_options": "Navy suit and charcoal suit displayed side by side, clean professional presentation, business attire photography",
    "outfit_details": "Complete interview outfit laid out - suit, white shirt, conservative tie, polished shoes, belt - flat lay editorial style",
    "fitting": "Young man being fitted for interview suit at store, professional tailor, optimistic atmosphere"
  }
}
