{
  "title": "Prom King Style: The Best Gold & Silver Tuxedos for 2026",
  "slug": "gold-silver-tuxedos-prom-2026",
  "excerpt": "Stand out like royalty at prom 2026 with stunning gold and silver tuxedos. Shop our collection of metallic prom looks from $239.",
  "content_type": "blog_post",
  "category": "Prom 2026",
  "author": "KCT Style Team",
  "scheduled_date": "2026-01-19",
  "priority": 1,
  "status": "draft",
  "read_time": "5 min read",
  "word_count": 1350,
  "target_keywords": [
    "gold tuxedo prom",
    "silver tuxedo prom 2026",
    "metallic prom suit",
    "gold paisley jacket",
    "prom king outfit",
    "silver prom tuxedo",
    "gold prom jacket",
    "metallic formal wear"
  ],
  "tags": [
    "prom 2026",
    "gold tuxedos",
    "silver tuxedos",
    "metallic formal wear",
    "prom king",
    "statement tuxedos"
  ],
  "internal_links": [
    "/collections/prom-tuxedos",
    "/pages/appointments",
    "/products/m431sk-02",
    "/products/m431sk-01",
    "/products/m436sk-01",
    "/products/m454sk-15",
    "/products/m438sk-03",
    "/products/m438sk-02"
  ],
  "products_featured": [
    {"handle": "m431sk-02", "name": "Gold Paisley Dinner Jacket", "price": 239},
    {"handle": "m431sk-01", "name": "Silver Paisley Dinner Jacket", "price": 239},
    {"handle": "m436sk-01", "name": "White & Gold Floral Tuxedo", "price": 309},
    {"handle": "m454sk-15", "name": "Gold Geometric Tuxedo", "price": 359},
    {"handle": "m438sk-03", "name": "Gold Double Breasted Tuxedo", "price": 269},
    {"handle": "m438sk-02", "name": "Light Gray Double Breasted Tuxedo", "price": 269}
  ],
  "schema_types": ["BlogPosting", "FAQPage", "Product"],
  "image_prompts": {
    "hero": "Young man in stunning gold paisley tuxedo jacket at prom, dramatic lighting, golden hour atmosphere, professional fashion photography, confident pose",
    "gold_collection": "Three gold tuxedos displayed together - paisley, floral, and geometric patterns - studio lighting, editorial menswear photography, warm metallic tones",
    "silver_collection": "Silver paisley dinner jacket and light gray double breasted tuxedo side by side, cool toned lighting, sleek modern aesthetic, professional product photography",
    "styling": "Split image comparison - gold tuxedo on left with warm lighting, silver tuxedo on right with cool lighting, same pose, showcasing different vibes"
  }
}
