{
  "title": "Graduation Celebration Outfits: What to Wear Under the Gown & After",
  "slug": "graduation-celebration-outfits",
  "excerpt": "What to wear for graduation ceremonies and parties. Professional outfits for under the gown and celebration-ready looks for after the ceremony.",
  "content_type": "blog_post",
  "category": "Special Events",
  "author": "KCT Style Team",
  "scheduled_date": "2026-03-10",
  "priority": 1,
  "status": "draft",
  "read_time": "5 min read",
  "word_count": 1300,
  "target_keywords": [
    "graduation outfit",
    "what to wear graduation",
    "graduation suit",
    "graduation party attire",
    "college graduation outfit",
    "high school graduation"
  ],
  "tags": [
    "graduation",
    "celebration",
    "milestone",
    "young professional",
    "college",
    "high school"
  ],
  "internal_links": [
    "/collections/suits",
    "/pages/appointments",
    "/products/m438sk-09",
    "/products/m438sk-02",
    "/products/m438sk-10",
    "/products/m438sk-07"
  ],
  "products_featured": [
    {"handle": "m438sk-09", "name": "Navy Double Breasted Suit", "price": 269},
    {"handle": "m438sk-02", "name": "Light Gray Double Breasted Suit", "price": 269},
    {"handle": "m438sk-10", "name": "Royal Blue Double Breasted Suit", "price": 269},
    {"handle": "m438sk-07", "name": "Burgundy Double Breasted Suit", "price": 269}
  ],
  "schema_types": ["BlogPosting", "FAQPage", "Product"],
  "image_prompts": {
    "hero": "Graduate throwing cap in air wearing navy suit visible under open graduation gown, celebratory moment",
    "ceremony_look": "Graduate in full suit with tie under black graduation gown, professional posed photo",
    "family_photo": "Graduate with family, gown removed showing complete suit, proud celebration moment",
    "party_transition": "Same graduate, tie removed, relaxed celebratory party setting"
  }
}
