{
  "title": "Gray Suits: From Charcoal to Silver — Complete Styling Guide",
  "slug": "gray-suits-styling-guide",
  "excerpt": "Master gray suit styling from charcoal to light silver. Learn what shirts, ties, and shoes work best with every shade of gray for any occasion.",
  "content_type": "blog_post",
  "category": "Color Guide",
  "author": "KCT Style Team",
  "scheduled_date": "2026-03-04",
  "priority": 1,
  "status": "draft",
  "read_time": "7 min read",
  "word_count": 1600,
  "target_keywords": [
    "gray suit styling",
    "charcoal suit",
    "light gray suit",
    "silver suit",
    "gray suit combinations",
    "what to wear with gray suit",
    "gray suit shirt"
  ],
  "tags": [
    "gray",
    "charcoal",
    "silver",
    "styling guide",
    "color coordination",
    "versatile suits"
  ],
  "internal_links": [
    "/collections/suits",
    "/pages/appointments",
    "/products/m438sk-02",
    "/products/m431sk-01",
    "/products/m448sk-02",
    "/products/m431sk-02"
  ],
  "products_featured": [
    {"handle": "m438sk-02", "name": "Light Gray Double Breasted Suit", "price": 269},
    {"handle": "m431sk-01", "name": "Silver Paisley Suit", "price": 299},
    {"handle": "m448sk-02", "name": "Black Velvet Collar Tuxedo", "price": 309},
    {"handle": "m431sk-02", "name": "Gold Paisley Suit", "price": 299}
  ],
  "schema_types": ["BlogPosting", "FAQPage", "Product"],
  "image_prompts": {
    "hero": "Range of gray suits displayed - charcoal to light gray to silver - professional photography showing spectrum",
    "charcoal_styling": "Charcoal gray suit styled with white shirt and burgundy tie, complete professional look",
    "light_gray_styling": "Light gray suit styled for summer - brown shoes, colorful tie, fresh modern look",
    "shade_comparison": "Three gray suit shades side by side - charcoal, medium, light - comparison display"
  }
}
