{
  "title": "Groomsmen Coordination Guide: How to Dress Your Wedding Party",
  "slug": "groomsmen-coordination-guide",
  "excerpt": "Complete guide to coordinating groomsmen suits. Match vs complement, how to stand out as groom, out-of-town groomsmen fitting, and budget-friendly options.",
  "content_type": "blog_post",
  "category": "Wedding",
  "author": "KCT Style Team",
  "scheduled_date": "2026-02-18",
  "priority": 1,
  "status": "draft",
  "read_time": "8 min read",
  "word_count": 1700,
  "target_keywords": [
    "groomsmen suits",
    "wedding party attire",
    "coordinate groomsmen",
    "groomsmen matching",
    "wedding party style",
    "groomsmen outfits",
    "group wedding suits"
  ],
  "tags": [
    "wedding",
    "groomsmen",
    "coordination",
    "wedding party",
    "matching",
    "group fitting"
  ],
  "internal_links": [
    "/collections/wedding-suits",
    "/pages/appointments",
    "/products/m438sk-09",
    "/products/m438sk-07",
    "/products/m438sk-10",
    "/products/m438sk-02"
  ],
  "products_featured": [
    {"handle": "m438sk-09", "name": "Navy Double Breasted Suit", "price": 269},
    {"handle": "m438sk-07", "name": "Burgundy Double Breasted Suit", "price": 269},
    {"handle": "m438sk-10", "name": "Royal Blue Double Breasted Suit", "price": 269},
    {"handle": "m438sk-02", "name": "Light Gray Double Breasted Suit", "price": 269}
  ],
  "schema_types": ["BlogPosting", "FAQPage", "Product"],
  "image_prompts": {
    "hero": "Five groomsmen in matching navy suits standing in line with groom in center, professional wedding party portrait, outdoor venue",
    "matching_vs_coordinating": "Split image - left side shows identical matching groomsmen, right side shows coordinated mismatched wedding party, comparison",
    "groom_standout": "Groom in velvet jacket surrounded by groomsmen in classic wool, showing how groom stands out, wedding party portrait",
    "group_fitting": "Groomsmen at suit fitting together, trying on jackets, helpful store environment, candid moment"
  }
}
