{
  "title": "Tropical Destination Wedding Suits 2026: Bali, Amalfi, Caribbean & Beyond",
  "slug": "tropical-destination-wedding-suits-2026",
  "excerpt": "Destination weddings present unique challenges: tropical humidity, cultural expectations, and packing logistics. Here's how to dress appropriately for ceremonies from Southeast Asia to the Mediterranean.",
  "content_type": "blog_post",
  "category": "Destination Wedding Guide",
  "author": "KCT Style Team",
  "scheduled_date": "2026-07-10",
  "priority": 1,
  "status": "draft",
  "read_time": "11 min read",
  "target_keywords": [
    "tropical destination wedding suits",
    "Bali wedding attire men",
    "Caribbean destination wedding suit",
    "guayabera wedding formal",
    "Amalfi Coast wedding groom",
    "destination wedding suit fabric",
    "Hawaii wedding attire men",
    "tropical humidity suit"
  ],
  "tags": [
    "destination weddings",
    "tropical weddings",
    "Bali weddings",
    "Caribbean weddings",
    "Amalfi Coast",
    "Hawaii weddings",
    "guayabera",
    "linen suits",
    "travel packing",
    "Southwest Michigan"
  ],
  "internal_links": [
    "/suits/linen",
    "/suits/destination",
    "/suits/summer",
    "/accessories"
  ],
  "word_count": 2400,
  "seo_notes": "Destination-specific content captures travelers already booked for tropical weddings. Guayabera section addresses cultural authenticity angle competitors miss. Packing strategy adds unique practical value. Regional specificity targets location-based searches.",
  "image_prompts": {
    "hero": "Groom in white linen suit at tropical destination wedding, beach or cliff setting, Bali or Caribbean aesthetic, ocean in background, elegant relaxed styling, no text",
    "bali": "Wedding suit styling for Bali - white or ivory linen against rice terrace or cliff backdrop, tropical elegance, barefoot formal aesthetic",
    "amalfi": "Groom at Amalfi Coast wedding - light suit against blue sea and pastel coastal buildings, European sophistication, Mediterranean elegance",
    "caribbean": "Caribbean destination wedding styling - white guayabera with linen pants on beach, palm trees visible, tropical formal aesthetic",
    "hawaii": "Hawaii wedding attire - relaxed linen suit with lei, beach or tropical garden setting, aloha attire aesthetic",
    "guayabera_detail": "Formal guayabera shirt close-up showing pintuck pleats, four pockets, quality fabric, traditional formal wear photography",
    "packing": "Travel packing flat lay for destination wedding - garment bag, linen suit, travel essentials, organized packing aesthetic"
  }
}
