{
  "title": "Fresco Wool Suits: The Summer Wool Secret Most Men Don't Know About",
  "slug": "fresco-wool-suits-summer-2026-guide",
  "excerpt": "The idea of wearing wool in summer sounds uncomfortable. But fresco wool—with its open weave and exceptional breathability—rivals linen while maintaining the structure and formality wool is known for.",
  "content_type": "blog_post",
  "category": "Fabric Education",
  "author": "KCT Style Team",
  "scheduled_date": "2026-07-17",
  "priority": 1,
  "status": "draft",
  "read_time": "10 min read",
  "target_keywords": [
    "fresco wool suits summer",
    "fresco wool vs linen wedding",
    "breathable wool suits summer",
    "tropical weight wool benefits",
    "fresco wool wrinkle resistant",
    "summer wool suit formal",
    "best fabric summer wedding suit"
  ],
  "tags": [
    "fresco wool",
    "summer fabrics",
    "fabric education",
    "tropical wool",
    "linen comparison",
    "formal summer suiting",
    "wedding suits",
    "investment pieces",
    "Southwest Michigan"
  ],
  "internal_links": [
    "/suits/fresco",
    "/suits/summer",
    "/suits/linen",
    "/suits/tropical-wool"
  ],
  "word_count": 2200,
  "seo_notes": "Educational authority piece positioning fresco wool as smart alternative to linen. Comparison table targets featured snippets. Investment perspective addresses price objection. Technical fabric explanation builds expertise credibility.",
  "image_prompts": {
    "hero": "Close-up of fresco wool fabric showing open weave texture, light passing through fibers, breathability visualization, fabric detail photography",
    "comparison": "Side by side fabric comparison - fresco wool and linen suit fabrics, showing texture difference, drape comparison",
    "weave_detail": "Extreme macro of fresco wool weave structure showing air channels between high-twist yarns, technical fabric photography",
    "full_suit": "Navy or charcoal fresco wool suit on model, summer outdoor setting, formal polished appearance, no visible wrinkles",
    "vs_linen": "Split comparison - wrinkled linen suit vs crisp fresco wool suit after same wear time, before/after style",
    "occasions": "Fresco wool suit in various settings - summer wedding, business meeting, evening event - versatility demonstration"
  }
}
