{
  "title": "Surviving a 95°F Outdoor Wedding: The Ultimate Hot-Weather Suit Guide",
  "slug": "hot-weather-wedding-suit-guide-2026",
  "excerpt": "No suit is truly comfortable in extreme heat—but some are survivable. Here's how to choose fabrics, construction, and strategies that minimize suffering when the venue is blazing hot.",
  "content_type": "blog_post",
  "category": "Summer Style Guide",
  "author": "KCT Style Team",
  "scheduled_date": "2026-07-03",
  "priority": 1,
  "status": "draft",
  "read_time": "12 min read",
  "target_keywords": [
    "hot weather wedding suit",
    "wedding suit extreme heat",
    "coolest suit fabric summer",
    "lightweight breathable suit outdoor",
    "suit for 90 degree wedding",
    "sweat management formal wear",
    "fresco wool summer suit",
    "how to stay cool in suit"
  ],
  "tags": [
    "summer weddings 2026",
    "extreme heat",
    "fresco wool",
    "linen suits",
    "sweat management",
    "outdoor weddings",
    "lightweight suits",
    "summer fabrics",
    "Southwest Michigan"
  ],
  "internal_links": [
    "/suits/summer",
    "/suits/linen",
    "/suits/tropical-wool",
    "/accessories"
  ],
  "word_count": 2700,
  "seo_notes": "Practical problem-solving content for peak summer heat searches. Temperature-to-strategy matching provides actionable framework. 'Real talk' section builds trust through honesty. Sweat management kit adds unique practical value competitors avoid.",
  "image_prompts": {
    "hero": "Groom in light-colored linen suit at outdoor summer wedding, bright sun, staying composed despite heat, elegant but practical styling, no text",
    "temperature_chart": "Visual temperature guide showing fabric recommendations from 80°F to 95°F+, color-coded zones (green to red), clear infographic style",
    "fresco_wool": "Close-up of fresco wool suit fabric showing open weave texture, light passing through weave, breathability visualization",
    "linen_suit": "Light tan linen suit on mannequin or model, outdoor summer setting, natural wrinkles visible, relaxed elegant aesthetic",
    "sweat_kit": "Flat lay of sweat management essentials - undershirt, powder, deodorant, backup shirt, handkerchief - organized product photography",
    "light_colors": "Multiple summer suits in light colors - tan, light gray, light blue, sage green - arranged together, bright natural light",
    "footwear": "Summer wedding footwear options - suede loafers, unlined leather loafers - arranged on light surface, breathable shoe options"
  }
}
