{
  "title": "4th of July & Summer Event Style in Kalamazoo",
  "slug": "4th-of-july-summer-style-kalamazoo",
  "excerpt": "Fourth of July party and summer event attire in Kalamazoo and Southwest Michigan. Country club looks, lakeside celebrations, and festive summer style for Michigan men.",
  "content_type": "local_seo_blog",
  "category": "Local SEO - Summer Events",
  "author": "KCT Style Team",
  "scheduled_date": "2026-06-29",
  "priority": 1,
  "status": "draft",
  "read_time": "7 min read",
  "target_keywords": [
    "4th of July attire Kalamazoo",
    "summer party outfits Michigan",
    "country club dress code Portage",
    "Independence Day style Southwest Michigan",
    "summer blazer Kalamazoo",
    "linen shirt Michigan"
  ],
  "local_keywords": [
    "Gull Lake Country Club dress code",
    "Kalamazoo Country Club attire",
    "South Haven summer style",
    "St. Joseph lakeside outfit",
    "Saugatuck dinner dress code",
    "Kalamazoo 4th of July party"
  ],
  "tags": [
    "local SEO",
    "4th of July",
    "Independence Day",
    "summer style",
    "Kalamazoo",
    "Portage",
    "Southwest Michigan",
    "Lake Michigan",
    "country club",
    "linen",
    "summer blazer"
  ],
  "internal_links": [
    "/suits/linen",
    "/blazers/summer",
    "/shirts/linen",
    "/accessories",
    "/appointments",
    "/locations"
  ],
  "local_venues_mentioned": [
    "Gull Lake Country Club",
    "Kalamazoo Country Club",
    "Milham Park Golf Course",
    "South Haven",
    "St. Joseph",
    "Saugatuck",
    "Holland"
  ],
  "service_areas": [
    "Kalamazoo",
    "Portage",
    "Battle Creek",
    "St. Joseph",
    "South Haven",
    "Saugatuck",
    "Holland"
  ],
  "word_count": 1700,
  "local_seo_score": 93,
  "seo_notes": "Targets 4th of July and summer event style searches for Southwest Michigan. Venue-specific dress code guidance demonstrates local expertise. Patriotic style section provides practical advice while positioning KCT as tasteful choice. Michigan weather considerations add local relevance. FAQ targets local search queries with featured snippet potential.",
  "schema_types": ["LocalBusiness", "FAQPage"],
  "seasonal_relevance": "Late June through July 4th",
  "image_prompts": {
    "hero": "Man in white linen shirt with navy blazer at 4th of July country club celebration, American flag details in background, summer evening, professional event photography",
    "patriotic": "Stylish man in navy blazer with subtle red, white and blue accessories - navy suit, white shirt, patriotic pocket square, tasteful not costumey, professional fashion photography",
    "lakeside": "Group of well-dressed men at lakeside 4th of July party, summer blazers and linen shirts, Michigan lake setting, fireworks preparation, professional event photography",
    "casual": "Man in smart casual 4th of July outfit - white linen shirt, chinos, navy accessories - outdoor BBQ setting, professional lifestyle photography"
  }
}
