{
  "title": "August 2026 Wedding Prep: Labor Day, Lucky Dates & The Summer-to-Fall Transition",
  "slug": "august-2026-wedding-prep-preview",
  "excerpt": "August marks the final sprint of summer wedding season while quietly introducing fall colors. Here's what to prepare for: Labor Day three-day celebrations, the auspicious 8/8/26, and the burgundy moment.",
  "content_type": "blog_post",
  "category": "Season Preview",
  "author": "KCT Style Team",
  "scheduled_date": "2026-07-31",
  "priority": 1,
  "status": "draft",
  "read_time": "7 min read",
  "target_keywords": [
    "August 2026 wedding suits",
    "Labor Day weekend wedding 2026",
    "8/8/26 wedding date",
    "late summer wedding colors",
    "summer to fall suit transition",
    "burgundy suit late summer",
    "August wedding preparation"
  ],
  "tags": [
    "season preview",
    "August weddings",
    "Labor Day",
    "8/8/26",
    "lucky wedding date",
    "burgundy suits",
    "young professionals",
    "summer to fall transition",
    "Southwest Michigan"
  ],
  "internal_links": [
    "/suits/burgundy",
    "/suits/professional",
    "/suits/navy",
    "/accessories/gold"
  ],
  "word_count": 1600,
  "seo_notes": "Preview piece builds anticipation for August content while capturing early planners searching for late summer wedding guidance. Key dates calendar provides scannable value. Links to upcoming August deep-dive articles.",
  "image_prompts": {
    "hero": "Transitional color palette from summer to fall, suit color swatches arranged in gradient from light summer tones to rich burgundy and deep navy, seasonal transition aesthetic",
    "8826": "Elegant wedding styling with gold accents, navy suit with gold tie bar and cufflinks, prosperity symbolism, formal celebration setting",
    "labor_day": "Three-day wedding celebration outfit planning, garment bag with multiple outfits, travel packing for extended celebration",
    "burgundy": "Burgundy suit in late summer outdoor setting, golden hour lighting, transitional season aesthetic",
    "timeline": "Calendar graphic showing August ordering deadlines, visual timeline for suit delivery and alterations"
  }
}
