{
  "title": "Garden Wedding Suits 2026: Soft Colors, Breathable Fabrics & Semi-Formal Outdoor Style",
  "slug": "garden-wedding-suits-2026-outdoor-style-guide",
  "excerpt": "Garden weddings blend formal occasion with relaxed outdoor setting. The right suit captures both—polished enough to honor the ceremony, comfortable enough for lawn and garden terrain.",
  "content_type": "blog_post",
  "category": "Outdoor Wedding Guide",
  "author": "KCT Style Team",
  "scheduled_date": "2026-07-24",
  "priority": 1,
  "status": "draft",
  "read_time": "9 min read",
  "target_keywords": [
    "garden wedding suits",
    "outdoor wedding attire men",
    "garden party dress code",
    "semi-formal outdoor wedding",
    "sage green wedding suit",
    "garden wedding colors",
    "outdoor wedding shoes men",
    "garden formal dress code"
  ],
  "tags": [
    "garden weddings",
    "outdoor weddings",
    "summer weddings",
    "sage green",
    "soft colors",
    "semi-formal",
    "suede loafers",
    "wedding photography",
    "Southwest Michigan"
  ],
  "internal_links": [
    "/suits/summer",
    "/suits/sage-green",
    "/suits/outdoor",
    "/shoes/loafers"
  ],
  "word_count": 2100,
  "seo_notes": "Targets outdoor venue weddings with specific color recommendations that photograph well against greenery. Footwear section addresses practical grass-terrain concerns competitors ignore. Open-collar guidance reduces decision anxiety.",
  "image_prompts": {
    "hero": "Groom in sage green suit at garden wedding venue, lush greenery backdrop, natural lighting, refined outdoor elegance, no text",
    "colors": "Color palette swatches for garden weddings - sage green, dove gray, pale blue, sand, blush pink - arranged with botanical elements",
    "footwear": "Suede penny loafers in tan or light brown on grass, garden wedding appropriate footwear, natural outdoor setting",
    "dress_codes": "Three grooms side by side showing garden formal, garden semi-formal, and garden casual dress codes, outdoor venue backdrop",
    "photography": "Garden wedding photo session at golden hour, groom in light colored suit against flower garden, romantic natural lighting",
    "open_collar": "Comparison of tie vs open collar looks for garden weddings, same suit shown both ways, outdoor natural backdrop"
  }
}
