{
  "title": "Lake Michigan Vacation Style: Resort Wear from Kalamazoo",
  "slug": "lake-michigan-vacation-style-kalamazoo",
  "excerpt": "Lake Michigan vacation style for Southwest Michigan men. Resort wear, lakeside dining attire, and beach town fashion for South Haven, St. Joseph, Saugatuck, and Holland trips.",
  "content_type": "local_seo_blog",
  "category": "Local SEO - Resort Wear",
  "author": "KCT Style Team",
  "scheduled_date": "2026-07-13",
  "priority": 2,
  "status": "draft",
  "read_time": "8 min read",
  "target_keywords": [
    "Lake Michigan vacation clothes",
    "resort wear Michigan",
    "South Haven style",
    "St. Joseph dinner attire",
    "Saugatuck fashion men",
    "summer vacation outfits Kalamazoo"
  ],
  "local_keywords": [
    "South Haven dinner dress code",
    "St. Joseph restaurant attire",
    "Saugatuck gallery hopping outfit",
    "Holland Michigan vacation style",
    "Lake Michigan shore towns",
    "Kalamazoo to South Haven"
  ],
  "tags": [
    "local SEO",
    "Lake Michigan",
    "vacation style",
    "resort wear",
    "South Haven",
    "St. Joseph",
    "Saugatuck",
    "Holland",
    "Kalamazoo",
    "linen",
    "summer fashion"
  ],
  "internal_links": [
    "/suits/linen",
    "/blazers/summer",
    "/shirts/linen",
    "/shorts",
    "/appointments",
    "/locations"
  ],
  "local_towns_featured": [
    {
      "name": "South Haven",
      "drive_time": "40 min from Kalamazoo",
      "vibe": "Classic beach town"
    },
    {
      "name": "St. Joseph",
      "drive_time": "35 min from Kalamazoo",
      "vibe": "Upscale lakeside dining"
    },
    {
      "name": "Saugatuck",
      "drive_time": "45 min from Kalamazoo",
      "vibe": "Arts & culinary scene"
    },
    {
      "name": "Holland",
      "drive_time": "50 min from Kalamazoo",
      "vibe": "Dutch heritage & beaches"
    }
  ],
  "local_restaurants_mentioned": [
    "Clementine's Saloon (South Haven)",
    "Hawk's Head Gastropub (South Haven)",
    "Bistro on the Boulevard (St. Joseph)",
    "The Lazy Ballerina (St. Joseph)",
    "Phil's Bar & Grille (Saugatuck)",
    "The Southerner (Saugatuck)",
    "Butch's Dry Dock (Holland)",
    "Salt of the Earth (Holland)"
  ],
  "service_areas": [
    "Kalamazoo",
    "Portage",
    "South Haven",
    "St. Joseph",
    "Saugatuck",
    "Douglas",
    "Holland"
  ],
  "word_count": 2000,
  "local_seo_score": 95,
  "seo_notes": "Highly localized content targeting Lake Michigan vacation searches from Kalamazoo area. Town-by-town breakdown demonstrates deep local knowledge. Restaurant mentions add specificity and capture long-tail searches. Packing guide provides practical value. FAQ targets local vacation planning searches with featured snippet potential.",
  "schema_types": ["LocalBusiness", "FAQPage"],
  "seasonal_relevance": "Peak summer vacation season (June-August)",
  "image_prompts": {
    "hero": "Man in linen shirt and summer blazer dining at upscale Lake Michigan restaurant, sunset over water visible, resort casual style, professional lifestyle photography",
    "beach_town": "Well-dressed man walking through charming Michigan beach town, linen outfit, summer vacation style, South Haven or Saugatuck vibe, professional travel photography",
    "dining": "Couple at upscale lakeside restaurant, man in summer blazer and linen shirt, elegant resort dining atmosphere, professional lifestyle photography",
    "packing": "Flat lay of Lake Michigan vacation wardrobe essentials - linen shirt, summer blazer, chinos, loafers, sunglasses - arranged on light surface, editorial product photography"
  }
}
