{
  "title": "June Wedding Suit Colors 2026: The Complete Guide to Summer Wedding Shades",
  "slug": "june-wedding-suit-colors-2026-complete-guide",
  "excerpt": "June is peak wedding season, and choosing the right suit color is critical. This comprehensive guide covers the top 6 wedding suit colors for June 2026—from classic light blue to trending sage green.",
  "content_type": "blog_post",
  "category": "Wedding Guides",
  "author": "KCT Style Team",
  "scheduled_date": "2026-06-05",
  "priority": 1,
  "status": "draft",
  "read_time": "10 min read",
  "target_keywords": [
    "June wedding suit colors 2026",
    "summer wedding suit colors",
    "light blue wedding suit",
    "beige suit outdoor wedding",
    "sage green suit groom",
    "dusty blue groomsmen suits",
    "best suit color for June wedding",
    "Kalamazoo wedding suits",
    "Southwest Michigan summer wedding"
  ],
  "tags": [
    "June weddings 2026",
    "summer weddings",
    "wedding suit colors",
    "light blue suits",
    "beige suits",
    "sage green suits",
    "dusty blue suits",
    "groomsmen coordination",
    "outdoor weddings",
    "Southwest Michigan"
  ],
  "internal_links": [
    "/suits/wedding",
    "/suits/summer",
    "/suits/blue",
    "/suits/tan",
    "/accessories"
  ],
  "word_count": 2500,
  "seo_notes": "Authority piece on June wedding colors targeting peak wedding search traffic. Top 6 colors format encourages featured snippets. Each color section includes venue matching, coordination tips, and photography considerations. Local SEO integrated throughout with Michigan venue examples.",
  "image_prompts": {
    "hero": "Six wedding suits displayed together - light blue, beige/tan, sage green, dusty blue, light gray, and sand - outdoor summer venue with natural light, elegant wedding setting, color palette showcase, no text",
    "light_blue_detail": "Groom in light blue suit with white shirt and navy tie at outdoor summer wedding, bright natural light, classic elegant aesthetic, garden or lakeside venue",
    "beige_detail": "Groom in beige/tan suit with white shirt and terracotta or coral tie, outdoor vineyard or rustic barn setting, warm golden hour lighting, earthy romantic aesthetic",
    "sage_green_detail": "Groom in sage green suit with cream shirt and blush pink tie, garden wedding with greenery backdrop, soft natural light, botanical romantic aesthetic",
    "dusty_blue_detail": "Groomsmen lineup in dusty blue suits with white shirts and coordinating ties, outdoor wedding ceremony, cohesive wedding party look, elegant summer setting",
    "light_gray_detail": "Groom in light gray suit with white shirt and burgundy tie, modern wedding venue, sophisticated urban aesthetic, clean lines",
    "sand_color_detail": "Groom in sand/khaki colored suit with white shirt and navy tie, beach or coastal wedding setting, relaxed summer elegance, ocean or sand in background",
    "color_coordination": "Wedding party showing groom in distinct color (darker shade) with groomsmen in lighter coordinating color, clear visual hierarchy, outdoor venue"
  }
}
