{
  "title": "Seersucker Suits Are Back: Why This Classic Fabric Is the Smart Choice for Summer 2026",
  "slug": "seersucker-suits-summer-2026-guide",
  "excerpt": "The puckered texture that kept your grandfather cool is making a major comeback. Here's why seersucker deserves a place in your summer wardrobe—and how to wear it without looking like you're headed to a costume party.",
  "content_type": "blog_post",
  "category": "Summer Style Guide",
  "author": "KCT Style Team",
  "scheduled_date": "2026-06-12",
  "priority": 1,
  "status": "draft",
  "read_time": "9 min read",
  "target_keywords": [
    "seersucker suit 2026",
    "seersucker vs linen suit",
    "how to wear seersucker",
    "modern seersucker suit",
    "seersucker wedding guest",
    "summer suit fabric",
    "blue stripe seersucker",
    "gray seersucker suit",
    "Kalamazoo summer suits"
  ],
  "tags": [
    "seersucker suits",
    "summer 2026",
    "summer fabrics",
    "wedding guest attire",
    "business casual",
    "suit styling",
    "fabric guide",
    "classic American style",
    "Southwest Michigan"
  ],
  "internal_links": [
    "/suits/summer",
    "/suits/seersucker",
    "/suits/linen",
    "/accessories"
  ],
  "word_count": 2400,
  "seo_notes": "Revival/comeback angle targets trending search patterns. Seersucker vs linen comparison targets comparison searches. Science explanation adds unique value. Modern styling tips differentiate from vintage-focused content. Multiple occasion styling expands use cases.",
  "image_prompts": {
    "hero": "Modern slim-fit blue and white stripe seersucker suit on model, outdoor summer setting, contemporary styling with minimal accessories, clean professional aesthetic, no text",
    "texture_closeup": "Extreme close-up macro shot of seersucker fabric showing distinctive puckered texture and ridges, blue and white stripes visible, fabric detail photography",
    "color_options": "Four seersucker suits arranged together - classic blue stripe, gray stripe, solid navy seersucker, tan stripe - clean studio or outdoor setting, color comparison",
    "wedding_styling": "Man wearing seersucker suit as wedding guest, outdoor garden wedding setting, styled with white shirt and burgundy tie, elegant casual aesthetic",
    "business_casual": "Gray stripe seersucker suit in business casual setting, styled with oxford shirt no tie, modern office or urban backdrop, professional summer look",
    "summer_party": "Blue stripe seersucker suit at summer party/garden event, styled with bow tie and pocket square, festive celebratory setting, classic Americana aesthetic",
    "vs_linen": "Side by side comparison of seersucker suit and linen suit on two mannequins, showing texture and drape differences, neutral background for clear comparison"
  }
}
