{
  "title": "July 4th Weekend Wedding Guide 2026: Patriotic Colors Without Looking Like a Flag",
  "slug": "july-4th-wedding-guide-2026-patriotic-style",
  "excerpt": "Independence Day weekend is one of the most popular times for summer weddings. Here's how to incorporate red, white, and blue without turning your wedding party into a Fourth of July parade—plus practical tips for holiday weekend celebrations.",
  "content_type": "blog_post",
  "category": "Wedding Guides",
  "author": "KCT Style Team",
  "scheduled_date": "2026-07-03",
  "priority": 1,
  "status": "draft",
  "read_time": "8 min read",
  "target_keywords": [
    "July 4th wedding suit 2026",
    "Fourth of July wedding attire",
    "patriotic wedding colors men",
    "red white blue wedding suit",
    "Independence Day wedding guest",
    "holiday weekend wedding outfit",
    "summer wedding navy suit",
    "Kalamazoo July 4th wedding"
  ],
  "tags": [
    "July 4th weddings",
    "patriotic weddings",
    "summer weddings 2026",
    "holiday weekend weddings",
    "wedding colors",
    "navy suits",
    "red white blue",
    "groom styling",
    "wedding guest attire",
    "Southwest Michigan"
  ],
  "internal_links": [
    "/suits/summer",
    "/suits/navy",
    "/accessories/ties",
    "/wedding"
  ],
  "word_count": 2400,
  "seo_notes": "Timely holiday content with evergreen wedding style advice. 'Subtle patriotism' angle differentiates from costume-focused content. Color strategy section provides actionable guidance. Practical holiday weekend tips add unique value. Preview timing (July 3) captures last-minute searches.",
  "image_prompts": {
    "hero": "Elegant July 4th wedding scene - groom in navy suit with burgundy accents, subtle patriotic colors, fireworks or sparklers in background, sophisticated not costume-like, no text",
    "color_palette": "Sophisticated red white blue color palette - navy suit fabric, white shirt, burgundy tie, arranged elegantly, not literal flag colors",
    "subtle_approach": "Navy suit with burgundy tie and white pocket square, subtle patriotic styling, groom or model, outdoor summer venue",
    "balanced_approach": "Light gray or light blue suit with red and blue accents, summer outdoor wedding setting, balanced patriotic colors",
    "nautical_look": "Navy blazer with white pants, brass buttons, waterfront or lakeside setting, nautical Americana aesthetic",
    "groomsmen_coordination": "Wedding party in navy suits with varied tie colors (burgundy and blue), coordinated patriotic theme, outdoor venue",
    "guest_styling": "Wedding guest in appropriate July 4th attire - navy suit, subtle accessories, outdoor summer wedding",
    "fireworks_reception": "Wedding reception with fireworks, guests in elegant summer attire, celebration atmosphere, evening setting"
  }
}
