{
  "title": "Father's Day Gift Guide 2026: Suit Accessories, Tailoring & Gifts He'll Actually Use",
  "slug": "fathers-day-gift-guide-2026-suit-accessories",
  "excerpt": "Skip the novelty socks and #1 Dad mugs. Here are suit-related gifts that upgrade his wardrobe, fit his style, and won't end up in a drawer—organized by budget, from $25 to $500+.",
  "content_type": "blog_post",
  "category": "Gift Guides",
  "author": "KCT Style Team",
  "scheduled_date": "2026-06-19",
  "priority": 1,
  "status": "draft",
  "read_time": "8 min read",
  "target_keywords": [
    "Father's Day gift ideas 2026",
    "suit accessories gift dad",
    "Father's Day menswear gifts",
    "gift for dad who wears suits",
    "tailoring gift card",
    "men's accessory gifts",
    "pocket squares for Father's Day",
    "quality tie gift",
    "Kalamazoo Father's Day"
  ],
  "tags": [
    "Father's Day 2026",
    "gift guide",
    "suit accessories",
    "ties",
    "pocket squares",
    "cufflinks",
    "tailoring services",
    "gift cards",
    "mens gifts",
    "Southwest Michigan"
  ],
  "internal_links": [
    "/gift-cards",
    "/accessories",
    "/accessories/ties",
    "/accessories/pocket-squares",
    "/suits",
    "/tailoring"
  ],
  "word_count": 2500,
  "seo_notes": "Gift guide format with price tiers targets commercial intent searches. Budget categories make content scannable and actionable. 'Dad type' section adds personalization angle. Father's Day date reminder creates urgency. Gift card mentions drive in-store traffic.",
  "image_prompts": {
    "hero": "Elegant Father's Day gift arrangement featuring suit accessories - silk ties, pocket squares, cufflinks, leather belt, premium dress socks - arranged on dark wood or marble surface, gift box visible, warm sophisticated lighting, no text",
    "pocket_squares": "Collection of 3-4 pocket squares in white linen, navy silk, burgundy pattern, and subtle geometric - folded and arranged together, clean product photography",
    "tie_bars": "Assortment of tie bars/clips in silver and gold finishes, simple classic designs, arranged on dark background, detail photography",
    "quality_tie": "Premium silk tie in navy or burgundy, close-up showing fabric texture and quality construction, elegant product photography",
    "leather_belt": "Full-grain leather dress belt in cognac/tan color with silver buckle, coiled elegantly, detail on leather grain visible",
    "tailoring_gift": "Tailor measuring or adjusting suit jacket on mannequin, professional tailoring environment, gift card visible nearby",
    "shoe_care_kit": "Complete shoe care kit in wooden box - polish tins, brushes, conditioning cream, cloth - open and arranged, luxury grooming aesthetic",
    "dad_types": "Four different styled men representing different 'dad types' - business professional, casual weekend, retired elegant, style-conscious - showing appropriate accessories for each"
  }
}
