{
  "title": "Father's Day Gift Guide: Men's Style in Kalamazoo",
  "slug": "fathers-day-gift-guide-kalamazoo",
  "excerpt": "Father's Day gift ideas in Kalamazoo and Southwest Michigan. Quality suits, blazers, and accessories for dads who appreciate fine menswear. Local pickup available.",
  "content_type": "local_seo_blog",
  "category": "Local SEO - Father's Day",
  "author": "KCT Style Team",
  "scheduled_date": "2026-06-08",
  "priority": 2,
  "status": "draft",
  "read_time": "8 min read",
  "target_keywords": [
    "Father's Day gifts Kalamazoo",
    "men's gift guide Portage",
    "Father's Day suits Michigan",
    "dad gift ideas Southwest Michigan",
    "Father's Day menswear Kalamazoo",
    "men's accessories gift"
  ],
  "local_keywords": [
    "Kalamazoo Father's Day shopping",
    "Portage gift shop men",
    "Southwest Michigan Father's Day",
    "Stryker dad gifts",
    "Bronson Healthcare professional gifts",
    "downtown Kalamazoo men's store"
  ],
  "tags": [
    "local SEO",
    "Father's Day",
    "gift guide",
    "Kalamazoo",
    "Portage",
    "Southwest Michigan",
    "ties",
    "accessories",
    "suits",
    "blazers"
  ],
  "internal_links": [
    "/suits",
    "/accessories",
    "/ties",
    "/blazers",
    "/appointments",
    "/locations"
  ],
  "local_employers_mentioned": [
    "Stryker",
    "Bronson Healthcare",
    "Pfizer",
    "Zoetis",
    "Ascension Borgess"
  ],
  "gift_price_ranges": [
    "Under $50: Ties, pocket squares",
    "$50-$150: Dress shirts, belts, cufflinks",
    "$150-$350: Blazers, dress shoes",
    "$350+: Complete suits, gift cards"
  ],
  "service_areas": [
    "Kalamazoo",
    "Portage",
    "Battle Creek",
    "Paw Paw",
    "Plainwell",
    "St. Joseph",
    "South Haven"
  ],
  "word_count": 1800,
  "local_seo_score": 92,
  "seo_notes": "Comprehensive Father's Day gift guide targeting local Kalamazoo area shoppers. Budget tiers provide easy navigation for different gift price points. Local employer references capture company-specific searches. Extended hours section creates urgency. FAQ targets local gift-giving search queries. Gift wrapping and exchange policy address common shopper concerns.",
  "schema_types": ["LocalBusiness", "FAQPage"],
  "promotional_elements": {
    "extended_hours": "June 8-14, 2026",
    "gift_wrapping": "Complimentary",
    "exchange_policy": "30 days"
  },
  "image_prompts": {
    "hero": "Father and son in coordinated outfits - father in navy blazer, son adjusting dad's tie, warm family moment, professional lifestyle photography",
    "gifts": "Flat lay of Father's Day gift ideas - quality ties, leather belt, cufflinks, pocket squares - elegantly arranged on dark wood surface, editorial product photography",
    "fitting": "Father trying on new blazer at menswear store with family watching approvingly, warm retail environment, professional lifestyle photography",
    "wrapped": "Beautifully wrapped Father's Day gift box with tie and accessories visible, elegant gift presentation, professional product photography"
  }
}
