{
  "title": "Summer Wedding Suits in Kalamazoo & Southwest Michigan",
  "slug": "summer-wedding-suits-kalamazoo-southwest-michigan",
  "excerpt": "Summer wedding suits in Kalamazoo, Portage, and Southwest Michigan. Lightweight fabrics, Lake Michigan venues, and heat-appropriate styling for June-August weddings.",
  "content_type": "local_seo_blog",
  "category": "Local SEO - Summer Weddings",
  "author": "KCT Style Team",
  "scheduled_date": "2026-06-02",
  "priority": 1,
  "status": "draft",
  "read_time": "9 min read",
  "target_keywords": [
    "summer wedding suits Kalamazoo",
    "outdoor wedding attire Michigan",
    "lightweight suits Portage",
    "Lake Michigan wedding formal wear",
    "linen suits Kalamazoo",
    "summer groom attire Southwest Michigan"
  ],
  "local_keywords": [
    "Kalamazoo summer wedding",
    "Portage wedding suits",
    "St. Joseph lakeside wedding",
    "South Haven beach wedding",
    "Saugatuck wedding attire",
    "Paw Paw vineyard wedding suits"
  ],
  "tags": [
    "local SEO",
    "summer wedding",
    "Kalamazoo",
    "Portage",
    "Southwest Michigan",
    "Lake Michigan",
    "linen suits",
    "lightweight fabrics",
    "outdoor wedding"
  ],
  "internal_links": [
    "/suits/summer",
    "/suits/linen",
    "/suits/lightweight",
    "/services/wedding",
    "/appointments",
    "/locations"
  ],
  "local_venues_mentioned": [
    "Lake Michigan Shore venues",
    "Henderson Castle",
    "Vineyard venues",
    "Barn venues",
    "Downtown hotels"
  ],
  "service_areas": [
    "Kalamazoo",
    "Portage",
    "St. Joseph",
    "South Haven",
    "Saugatuck",
    "Paw Paw"
  ],
  "word_count": 1900,
  "local_seo_score": 95,
  "seo_notes": "Comprehensive local SEO targeting for Southwest Michigan summer wedding market. Michigan weather specifics establish local expertise. Fabric guidance provides practical value for heat considerations. Venue-specific recommendations demonstrate local knowledge. FAQ targets local search queries with featured snippet potential.",
  "schema_types": ["LocalBusiness", "FAQPage"],
  "image_prompts": {
    "hero": "Groom in light tan linen suit at outdoor summer wedding, Lake Michigan visible in background, golden hour lighting, professional wedding photography",
    "venue": "Beautiful outdoor summer wedding ceremony at Michigan lakeside venue, guests in summer formal attire, professional event photography",
    "groomsmen": "Groomsmen in coordinated light gray suits with navy ties, outdoor summer wedding setting, vineyard or lakeside, professional wedding party photography",
    "fabrics": "Close-up detail shots of summer wedding fabrics - linen, cotton blend, tropical wool textures - arranged on light surface, editorial product photography"
  }
}
