{
  "title": "Beach Wedding Suit Guide 2026: What to Wear When the Venue Is Sand, Sun & Surf",
  "slug": "beach-wedding-suit-guide-2026",
  "excerpt": "Beach weddings require a different playbook. Wool suits will have you sweating through the ceremony, black shoes will sink in sand, and your typical wedding attire might look painfully overdressed. Here's how to dress appropriately for shoreline celebrations.",
  "content_type": "blog_post",
  "category": "Wedding Guides",
  "author": "KCT Style Team",
  "scheduled_date": "2026-06-26",
  "priority": 1,
  "status": "draft",
  "read_time": "10 min read",
  "target_keywords": [
    "beach wedding suit 2026",
    "what to wear beach wedding groom",
    "beach wedding attire men",
    "linen suit beach wedding",
    "destination wedding suit",
    "beach formal dress code men",
    "beach wedding groomsmen attire",
    "shoes for beach wedding men",
    "Kalamazoo destination wedding"
  ],
  "tags": [
    "beach weddings",
    "destination weddings",
    "linen suits",
    "summer weddings 2026",
    "groom attire",
    "groomsmen coordination",
    "beach formal",
    "wedding dress code",
    "tropical weddings",
    "Southwest Michigan"
  ],
  "internal_links": [
    "/suits/linen",
    "/suits/summer",
    "/wedding",
    "/accessories"
  ],
  "word_count": 2700,
  "seo_notes": "Comprehensive beach wedding authority piece covering groom, groomsmen, and guests. Dress code decoder section targets featured snippets. Fabric and color guides provide actionable advice. Footwear section addresses major pain point. Local SEO includes destination wedding prep angle.",
  "image_prompts": {
    "hero": "Groom in tan linen suit on beach at sunset, ocean waves in background, barefoot or leather loafers, relaxed elegant pose, tropical wedding aesthetic, no text",
    "dress_code_formal": "Beach formal wedding outfit - full linen suit in light blue or tan, white shirt open collar, leather loafers, ocean backdrop",
    "dress_code_cocktail": "Beach cocktail outfit - navy blazer with tan chinos, white shirt, leather loafers, coastal setting",
    "dress_code_casual": "Beach casual outfit - white linen shirt with tan linen pants, leather sandals, beach setting, relaxed styling",
    "fabrics": "Fabric swatches showing linen, cotton-linen blend, seersucker, and tropical wool side by side, natural light, texture visible",
    "color_palette": "Beach wedding color palette - tan, light blue, sand, sage green suits arranged together, ocean or sand backdrop",
    "loafers": "Tan leather loafers on sand, sockless, beach wedding appropriate, detail shot",
    "groom_full_suit": "Groom in complete tan linen suit, beach ceremony setting, bride partially visible, elegant beach formal look",
    "groom_separates": "Groom in navy blazer with white pants, beach setting, relaxed elegant aesthetic",
    "groomsmen_coordination": "Beach wedding party lineup - groom and groomsmen in coordinating linen suits, ocean backdrop, cohesive but varied looks"
  }
}
