{
  "title": "Kentucky Derby Style Guide: What to Wear to the Races",
  "slug": "kentucky-derby-racing-style",
  "excerpt": "Kentucky Derby and horse racing style guide for men. What to wear for Derby Day, Preakness, and Belmont. Bold suits, colorful ties, and Southern charm.",
  "content_type": "blog_post",
  "category": "Special Events",
  "author": "KCT Style Team",
  "scheduled_date": "2026-03-11",
  "priority": 1,
  "status": "draft",
  "read_time": "6 min read",
  "word_count": 1400,
  "target_keywords": [
    "Kentucky Derby outfit",
    "Derby Day style",
    "what to wear horse races",
    "derby suit",
    "racing style men",
    "triple crown attire"
  ],
  "tags": [
    "Kentucky Derby",
    "horse racing",
    "Derby Day",
    "Southern style",
    "spring fashion",
    "special events"
  ],
  "internal_links": [
    "/collections/suits",
    "/pages/appointments",
    "/products/m448sk-01",
    "/products/m439sk-16b",
    "/products/m438sk-10",
    "/products/m438sk-02"
  ],
  "products_featured": [
    {"handle": "m448sk-01", "name": "Mint Green Suit", "price": 269},
    {"handle": "m439sk-16b", "name": "Dusty Rose Suit", "price": 269},
    {"handle": "m438sk-10", "name": "Royal Blue Double Breasted Suit", "price": 269},
    {"handle": "m438sk-02", "name": "Light Gray Double Breasted Suit", "price": 269}
  ],
  "schema_types": ["BlogPosting", "FAQPage", "Product"],
  "image_prompts": {
    "hero": "Man in mint green suit at horse racing event, paddock or grandstand background, festive Derby atmosphere",
    "derby_style": "Group of well-dressed men in pastel suits at Kentucky Derby, hats, bow ties, Southern style",
    "accessories": "Derby accessories flat lay - colorful bow ties, pocket squares, hat, suspenders",
    "action_shot": "Man in pastel suit cheering at horse race, exciting action, celebratory moment"
  }
}
