{
  "title": "How to Coordinate Groomsmen Suits with Bridesmaids in 2026: Mix-and-Match vs. Matching",
  "slug": "groomsmen-coordination-2026-mix-match-guide",
  "excerpt": "The days of identical groomsmen in matching rentals are over. Discover 2026's coordinated-not-identical trend, three coordination strategies, and how to make the groom stand out.",
  "content_type": "blog_post",
  "category": "Wedding Guides",
  "author": "KCT Style Team",
  "scheduled_date": "2026-03-15",
  "priority": 1,
  "status": "draft",
  "read_time": "8 min read",
  "target_keywords": [
    "groomsmen suit coordination",
    "groomsmen and bridesmaids matching colors",
    "how to make groom stand out from groomsmen",
    "groomsmen vest and suspenders ideas",
    "mismatched groomsmen suits",
    "groomsmen accessories coordination",
    "should groomsmen match groom exactly",
    "Kalamazoo wedding party coordination",
    "Southwest Michigan groomsmen"
  ],
  "tags": [
    "groomsmen",
    "wedding coordination",
    "2026 weddings",
    "bridesmaid matching",
    "vest vs suspenders",
    "wedding party",
    "groom distinction",
    "wedding accessories",
    "Southwest Michigan"
  ],
  "internal_links": [
    "/suits",
    "/wedding",
    "/accessories",
    "/vests"
  ],
  "word_count": 2000,
  "seo_notes": "Address the 2026 trend toward coordinated-not-identical wedding parties. High commercial intent - couples actively planning.",
  "image_prompts": {
    "hero": "Wedding party lineup with groom in center wearing navy three-piece suit, groomsmen in varying shades of blue suits with matching blush ties, outdoor garden venue, coordinated-not-identical aesthetic, professional wedding photography, no text",
    "strategy_same_color": "Three groomsmen in identical navy suits with different colored ties (blush, dusty rose, sage), showing same-color-different-accessories approach, clean backdrop",
    "strategy_tux_vs_suit": "Groom in black tuxedo with satin lapels standing next to groomsmen in black suits without satin, clear hierarchy visible, formal venue backdrop",
    "strategy_different_shades": "Four groomsmen in gradient of blue shades (navy to light blue) with groom in darkest navy, outdoor setting, 2026 trend styling",
    "groom_distinction": "Close-up split image showing groom with vest and bow tie versus groomsman with tie only, highlighting distinction methods",
    "accessories_coordination": "Flat lay of coordinating accessories - blush ties, sage green pocket squares, rose gold cufflinks - arranged with bridesmaid fabric swatch, overhead product photography",
    "vest_vs_suspenders": "Split image of same groom outfit with vest (left) versus suspenders (right), showing both styling options, clean modern backdrop"
  }
}
