{
  "title": "Prom is 4 Weeks Away: Your Complete Last-Minute Tuxedo Shopping Guide",
  "slug": "last-minute-prom-tuxedo-shopping-guide",
  "excerpt": "Prom is 4 weeks away and you don't have a tuxedo? You're not too late. Here's exactly what's still possible, whether to rent or buy, realistic timelines, and what to do if your first choice isn't available.",
  "content_type": "blog_post",
  "category": "Prom Guides",
  "author": "KCT Style Team",
  "scheduled_date": "2026-03-22",
  "priority": 1,
  "status": "draft",
  "read_time": "7 min read",
  "target_keywords": [
    "last minute prom tuxedo",
    "prom tuxedo quick shipping",
    "prom suit rental vs buying",
    "how fast can I get prom tuxedo",
    "prom tuxedo alterations timeline",
    "emergency prom outfit",
    "Kalamazoo prom last minute",
    "Southwest Michigan prom tuxedo"
  ],
  "tags": [
    "prom 2026",
    "last minute shopping",
    "prom tuxedos",
    "rent vs buy",
    "rush alterations",
    "prom timeline",
    "budget guide",
    "Southwest Michigan"
  ],
  "internal_links": [
    "/prom",
    "/tuxedos",
    "/tailoring"
  ],
  "word_count": 1800,
  "seo_notes": "High transactional intent (87%). Urgency-driven conversion content. Lead with reassurance, provide clear action steps.",
  "image_prompts": {
    "hero": "Young man looking relieved trying on tuxedo in store fitting room with helpful stylist, welcoming reassuring atmosphere, professional retail photography, warm lighting, no text",
    "timeline": "Infographic-style image showing 4-week prom countdown with icons for each week's tasks, clean modern design, menswear elements",
    "rent_vs_buy": "Split image showing rental tuxedo tag on left versus purchased suit with price tag on right, decision-making visual, clean product photography",
    "alterations": "Tailor measuring pant hem on young customer in fitting room, professional alteration scene, warm inviting atmosphere",
    "checklist": "Flat lay of complete prom outfit - tuxedo jacket, pants, shirt, bow tie, shoes, accessories - arranged neatly on dark surface, overhead product photography",
    "budget_tiers": "Three styled prom outfits representing budget, mid-range, and premium options, side by side comparison, professional fashion photography"
  }
}
