{
  "title": "2026 Prom Tuxedo Trends: Bold Colors, Modern Fits & What's Actually Selling This Year",
  "slug": "prom-tuxedo-trends-2026-colors-fits-guide",
  "excerpt": "Prom 2026 isn't about picking a color—it's about choosing your aesthetic. Discover butter yellow (the breakout color), the five trending aesthetics, and why skinny fits are officially dead.",
  "content_type": "blog_post",
  "category": "Prom Guides",
  "author": "KCT Style Team",
  "scheduled_date": "2026-03-01",
  "priority": 1,
  "status": "draft",
  "read_time": "8 min read",
  "target_keywords": [
    "prom tuxedo 2026",
    "prom tuxedo colors 2026",
    "best prom suits for guys",
    "prom tuxedo vs suit difference",
    "modern fit prom tuxedos",
    "emerald green prom tuxedo",
    "burgundy prom suit",
    "butter yellow suit prom",
    "Kalamazoo prom tuxedo",
    "Southwest Michigan prom"
  ],
  "tags": [
    "prom 2026",
    "prom tuxedos",
    "prom suits",
    "butter yellow",
    "emerald green",
    "burgundy suits",
    "velvet tuxedos",
    "modern fit",
    "Gen Z fashion",
    "Southwest Michigan"
  ],
  "internal_links": [
    "/prom",
    "/tuxedos",
    "/velvet-collection"
  ],
  "word_count": 1900,
  "seo_notes": "Peak prom shopping begins March. Target high commercial intent keywords. Address aesthetic-first approach that resonates with Gen Z.",
  "image_prompts": {
    "hero": "Editorial fashion photography of a young man in butter yellow wool suit with white dress shirt, modern prom styling, bright optimistic lighting, Gen Z fashion aesthetic, professional menswear photography, no text",
    "section_emerald": "Full body shot of student in emerald green velvet tuxedo with gold accessories, prom venue backdrop with elegant lighting, royal sophisticated aesthetic, high-end fashion photography",
    "section_burgundy": "Male model in burgundy velvet suit with black shirt, dramatic moody lighting, Dark Feminine Villain Era aesthetic, editorial fashion photography",
    "section_royal_blue": "Young man in royal blue tuxedo adjusting bow tie, clean modern backdrop, confident pose, professional prom photography",
    "section_all_black": "Student in all-black velvet tuxedo with layered silver necklaces, mysterious dramatic lighting, Villain Era aesthetic, editorial fashion photography",
    "texture_velvet": "Close-up texture shot of velvet tuxedo fabric in deep burgundy, capturing light and pile texture, luxury product photography",
    "fit_comparison": "Split image showing dated skinny fit suit versus modern relaxed fit suit on same model, before/after style comparison, clean backdrop"
  }
}
