{
  "title": "National Prom Day 2026: The Ultimate Prom Style Checklist",
  "slug": "national-prom-day-2026-complete-checklist",
  "excerpt": "National Prom Day is March 31, 2026. Use this complete checklist to ensure your prom look is fully dialed in—from tuxedo to shoes to grooming to the final 48-hour prep timeline.",
  "content_type": "blog_post",
  "category": "Prom Guides",
  "author": "KCT Style Team",
  "scheduled_date": "2026-03-29",
  "priority": 1,
  "status": "draft",
  "read_time": "6 min read",
  "target_keywords": [
    "National Prom Day 2026",
    "prom outfit checklist",
    "complete prom look for guys",
    "prom accessories must haves",
    "prom shoes with tuxedo",
    "prom style tips 2026",
    "prom grooming checklist",
    "Kalamazoo prom",
    "Southwest Michigan prom"
  ],
  "tags": [
    "National Prom Day",
    "prom 2026",
    "prom checklist",
    "prom accessories",
    "prom grooming",
    "prom preparation",
    "boutonnière",
    "Southwest Michigan"
  ],
  "internal_links": [
    "/prom",
    "/tuxedos",
    "/accessories"
  ],
  "word_count": 1600,
  "seo_notes": "Capitalize on National Prom Day (March 31). Checklist format for easy scanning and sharing. Include grooming and preparation details.",
  "image_prompts": {
    "hero": "Celebratory prom preparation scene with complete tuxedo outfit laid out on bed, boutonnière, shoes, and accessories arranged neatly, warm inviting lighting, anticipation atmosphere, no text",
    "checklist_suit": "Close-up of student checking tuxedo fit in mirror, professional fitting room setting, attention to detail moment",
    "checklist_accessories": "Flat lay of prom accessories - bow tie, pocket square, cufflinks, watch, boutonnière - arranged on marble surface, overhead product photography",
    "checklist_shoes": "Close-up of polished black dress shoes being buffed, hands visible, attention to grooming detail, professional photography",
    "grooming": "Young man preparing for prom - styled hair, clean shaven, applying light cologne, mirror reflection, getting-ready moment",
    "timeline": "Split image showing 48-hour countdown moments - suit pickup, outfit laid out, boutonnière in fridge, final mirror check - collage style photography"
  }
}
