{
  "title": "Spring Style Transition: Navigating Michigan's Unpredictable Weather",
  "slug": "spring-style-transition-kalamazoo-michigan",
  "excerpt": "Spring wardrobe transition guide for Kalamazoo men. Michigan's unpredictable March-April weather calls for strategic layering and versatile pieces. Refresh your look.",
  "content_type": "local_seo_blog",
  "category": "Local SEO - Spring Style",
  "author": "KCT Style Team",
  "scheduled_date": "2026-03-16",
  "priority": 2,
  "status": "draft",
  "read_time": "7 min read",
  "target_keywords": [
    "spring style Michigan",
    "March wardrobe Kalamazoo",
    "winter to spring fashion",
    "layering clothes Portage",
    "spring blazer Southwest Michigan",
    "transitional clothing Michigan"
  ],
  "local_keywords": [
    "Kalamazoo spring weather",
    "Southwest Michigan spring fashion",
    "Michigan March outfit",
    "Portage spring style",
    "Kalamazoo layering guide",
    "spring clothes Michigan weather"
  ],
  "tags": [
    "local SEO",
    "spring style",
    "seasonal transition",
    "layering",
    "Kalamazoo",
    "Portage",
    "Southwest Michigan",
    "blazers",
    "sweaters",
    "outerwear"
  ],
  "internal_links": [
    "/blazers/lightweight",
    "/sweaters",
    "/chinos",
    "/outerwear",
    "/appointments"
  ],
  "service_areas": [
    "Kalamazoo",
    "Portage",
    "Southwest Michigan"
  ],
  "word_count": 1600,
  "local_seo_score": 89,
  "seo_notes": "Targets spring wardrobe transition searches for Southwest Michigan. Michigan weather specificity establishes local relevance. Layering strategy provides practical value for unpredictable conditions. Month-by-month color guide adds depth. FAQ targets common spring style queries for Michigan residents.",
  "schema_types": ["LocalBusiness", "FAQPage"],
  "seasonal_relevance": "March through early May (spring transition)",
  "weather_considerations": {
    "temperature_range": "35-55°F average",
    "daily_swing": "Up to 30°F",
    "precipitation": "Rain and snow both possible"
  },
  "image_prompts": {
    "hero": "Man in layered spring outfit - lightweight blazer over sweater, chinos - walking through Michigan downtown with mixed spring weather, some puddles visible, professional lifestyle photography",
    "layering": "Man removing lightweight jacket revealing layered outfit underneath, casual blazer, sweater, spring transition styling, outdoor Michigan setting, professional fashion photography",
    "fabrics": "Close-up detail shots of spring transition fabrics - cotton chino, lightweight wool blazer, merino sweater textures - arranged on light surface, editorial product photography",
    "colors": "Flat lay of spring color palette outfits - light blues, tans, soft greens - showing seasonal color transition, editorial styling photography"
  }
}
