{
  "title": "Spring Wedding Suit Colors 2026: The Ultimate Groom's Guide to Sage, Dusty Blue & Seasonal Tones",
  "slug": "spring-wedding-suit-colors-2026-guide",
  "excerpt": "Spring wedding season demands lighter, softer colors. Discover sage green (2026's defining color), dusty blue, light gray, and sand/tan—with venue-specific recommendations and fabric guides.",
  "content_type": "blog_post",
  "category": "Wedding Guides",
  "author": "KCT Style Team",
  "scheduled_date": "2026-03-08",
  "priority": 1,
  "status": "draft",
  "read_time": "9 min read",
  "target_keywords": [
    "spring wedding suits 2026",
    "spring wedding groom attire",
    "sage green wedding suit",
    "dusty blue suit for weddings",
    "light gray wedding suit",
    "spring wedding suit colors",
    "best suit colors for April outdoor wedding",
    "Kalamazoo spring wedding suits",
    "Southwest Michigan spring weddings"
  ],
  "tags": [
    "spring weddings",
    "wedding suits",
    "2026 weddings",
    "sage green suits",
    "dusty blue suits",
    "light gray suits",
    "tan suits",
    "spring colors",
    "groom attire",
    "Southwest Michigan"
  ],
  "internal_links": [
    "/suits",
    "/wedding",
    "/tailoring"
  ],
  "word_count": 2100,
  "seo_notes": "Peak spring wedding shopping. Target grooms and groomsmen beginning serious suit shopping for May-October ceremonies.",
  "image_prompts": {
    "hero": "Editorial fashion photography of a groom in sage green wool suit with ivory dress shirt standing in blooming spring garden, soft natural sunlight filtering through trees, luxury wedding photography style, nature-inspired elegance, no text",
    "section_sage": "Full body shot of groom in sage green suit with burgundy tie and brown shoes, outdoor garden venue with spring flowers, professional wedding photography, warm natural lighting",
    "section_dusty_blue": "Male model in dusty blue suit with rose tie, waterfront or beach venue backdrop, soft romantic lighting, sophisticated spring aesthetic, high-end menswear editorial",
    "section_light_gray": "Groom in light gray suit adjusting cufflinks, modern venue with large windows and natural light, versatile neutral elegance, GQ magazine style photography",
    "section_tan": "Side profile of groom in tan linen-blend suit with cream shirt, barn or vineyard backdrop, golden hour lighting, rustic sophistication aesthetic",
    "fabric_comparison": "Flat lay of three suit fabric swatches - tropical wool, medium wool, linen blend - with spring flowers and styling accessories, overhead product photography",
    "venue_guide": "Split image showing same sage green suit in different venues - garden, beach, barn - demonstrating versatility, professional photography"
  }
}
