{
  "title": "St. Patrick's Day Style in Kalamazoo: How to Wear Green Like a Gentleman",
  "slug": "st-patricks-day-style-kalamazoo",
  "excerpt": "St. Patrick's Day outfit ideas for Kalamazoo events. Tasteful green attire for downtown celebrations, office parties, and Bell's Eccentric Day. Look sharp, not costumey.",
  "content_type": "local_seo_blog",
  "category": "Local SEO - St. Patrick's Day",
  "author": "KCT Style Team",
  "scheduled_date": "2026-03-09",
  "priority": 1,
  "status": "draft",
  "read_time": "6 min read",
  "target_keywords": [
    "St. Patrick's Day outfit Kalamazoo",
    "how to wear green suit",
    "St Patricks Day attire Michigan",
    "green blazer Portage",
    "St Patrick's Day work outfit",
    "green tie Kalamazoo"
  ],
  "local_keywords": [
    "Bell's Eccentric Day outfit",
    "downtown Kalamazoo St Patrick's Day",
    "Shakespeare's Pub Kalamazoo",
    "Stryker office St Patrick's Day",
    "Bronson Healthcare holiday attire",
    "Southwest Michigan Irish celebration"
  ],
  "tags": [
    "local SEO",
    "St. Patrick's Day",
    "green",
    "holiday style",
    "Kalamazoo",
    "Portage",
    "Bell's Brewery",
    "office attire",
    "accessories"
  ],
  "internal_links": [
    "/ties",
    "/blazers",
    "/accessories",
    "/appointments"
  ],
  "local_events_mentioned": [
    "Bell's Eccentric Day",
    "Downtown Kalamazoo St. Patrick's Day",
    "Shakespeare's Pub celebrations"
  ],
  "local_employers_mentioned": [
    "Stryker",
    "Bronson Healthcare",
    "Pfizer"
  ],
  "service_areas": [
    "Kalamazoo",
    "Portage"
  ],
  "word_count": 1400,
  "local_seo_score": 90,
  "seo_notes": "Targets St. Patrick's Day style searches for Kalamazoo area. Clear DO/DON'T guidance provides practical value. Multiple event contexts (office, pub, brewery) expand relevance. Local event mentions (Bell's Eccentric Day) capture specific searches. Color psychology section adds depth.",
  "schema_types": ["LocalBusiness", "FAQPage"],
  "seasonal_relevance": "Early March through St. Patrick's Day (March 17)",
  "image_prompts": {
    "hero": "Stylish man wearing subtle green blazer with navy trousers at upscale pub setting, holding Irish beer, tasteful St. Patrick's Day style, not costumey, professional lifestyle photography",
    "subtle_green": "Close-up of man in navy suit with forest green tie and gold tie bar, sophisticated St. Patrick's Day style, professional menswear photography",
    "office": "Professional man in gray suit with subtle green pocket square at office, tasteful holiday acknowledgment, corporate setting, professional lifestyle photography",
    "accessories": "Flat lay of St. Patrick's Day accessories - emerald green tie, shamrock cufflinks, green pocket square - arranged tastefully on wood surface, editorial product photography"
  }
}
