{
  "title": "Memorial Day Weekend Wedding 2026: Last-Minute Suit Guide (7-Day Timeline + Light Color Choices)",
  "slug": "memorial-day-weekend-wedding-2026-guide",
  "excerpt": "Memorial Day weekend is one of the most popular wedding weekends—and you just realized you need a suit. This guide provides a realistic 7-day timeline for looking sharp when time is short.",
  "content_type": "blog_post",
  "category": "Wedding Guides",
  "author": "KCT Style Team",
  "scheduled_date": "2026-05-15",
  "priority": 1,
  "status": "draft",
  "read_time": "7 min read",
  "target_keywords": [
    "Memorial Day weekend wedding attire",
    "Memorial Day wedding suit colors",
    "last minute wedding suit",
    "light colored suits summer wedding",
    "what to wear Memorial Day weekend wedding",
    "quick ship wedding suits",
    "Kalamazoo wedding suits",
    "Southwest Michigan wedding"
  ],
  "tags": [
    "Memorial Day 2026",
    "last minute wedding",
    "summer wedding",
    "light suits",
    "quick shipping",
    "rush alterations",
    "wedding guest attire",
    "Southwest Michigan"
  ],
  "internal_links": [
    "/suits/summer",
    "/suits/light-colors",
    "/wedding"
  ],
  "word_count": 1900,
  "seo_notes": "CRITICAL: 78% transactional intent - panic-driven searches. Target procrastinator segment. 7-day timeline provides actionable structure. Memorial Day color palette differentiates from general wedding content.",
  "image_prompts": {
    "hero": "Man trying on light gray summer suit in store fitting room with helpful salesperson, urgent but positive atmosphere, Memorial Day weekend vibes, warm lighting, no text",
    "timeline": "7-day countdown infographic with suit-related icons for each phase (measure, shop, alter, prep), clean modern design, wedding calendar visual",
    "color_palette": "Five summer suit colors on mannequins - light gray, beige, light blue, sage, powder blue - outdoor garden setting, Memorial Day color palette",
    "quick_ship": "Split image showing local store shopping vs online quick-ship box arrival, decision-making visualization, fast-paced energy",
    "alterations": "Tailor doing quick pants hem alteration with rush order ticket visible, professional tailor shop setting, fast turnaround concept",
    "travel_suit": "Garment bag being carried through airport, suit visible inside, travel-ready outfit concept, professional photography"
  }
}
