{
  "title": "June Wedding Suit Colors 2026: Pastels, Bold Jewel Tones & What Grooms Are Actually Wearing This Summer",
  "slug": "june-wedding-suit-colors-2026-trends",
  "excerpt": "June is peak wedding season, and 2026 is bringing fresh color trends. This preview covers pastels, jewel tones, and earth tones—plus coordination strategies for grooms and groomsmen.",
  "content_type": "blog_post",
  "category": "Wedding Guides",
  "author": "KCT Style Team",
  "scheduled_date": "2026-05-29",
  "priority": 1,
  "status": "draft",
  "read_time": "8 min read",
  "target_keywords": [
    "June wedding suit colors 2026",
    "summer wedding groom suit colors",
    "pastel suits for weddings",
    "jewel tone wedding suits",
    "groomsmen suit colors June",
    "bold wedding suit colors 2026",
    "Kalamazoo June wedding",
    "Southwest Michigan wedding"
  ],
  "tags": [
    "June weddings 2026",
    "wedding colors",
    "pastel suits",
    "jewel tones",
    "earth tones",
    "groomsmen coordination",
    "groom distinction",
    "bridesmaid matching",
    "Southwest Michigan"
  ],
  "internal_links": [
    "/suits/summer",
    "/suits/wedding",
    "/accessories"
  ],
  "word_count": 2100,
  "seo_notes": "Forward-looking trend preview bridges May to June content. Three color movements structure makes content scannable. Coordination strategies add practical value. Data visualization adds credibility.",
  "image_prompts": {
    "hero": "Wedding party lineup showing three color movements - pastel sage suit, jewel tone emerald suit, earth tone tan suit - outdoor summer venue, coordinated aesthetic, no text",
    "pastel_group": "Group of pastel suits - dusty blue, sage green, lavender, blush pink - arranged together in bright natural light, soft romantic aesthetic",
    "jewel_tones": "Group of jewel tone suits - emerald, sapphire, burgundy, eggplant - dramatic evening lighting, formal venue backdrop, bold statement aesthetic",
    "earth_tones": "Group of earth tone suits - olive, terracotta, camel, taupe - outdoor vineyard or rustic setting, natural organic aesthetic",
    "coordination_example": "Wedding party showing groom in darker navy vs groomsmen in dusty blue, clear hierarchy visible, coordinated-not-matching concept",
    "bridesmaid_coordination": "Flat lay showing bridesmaid dress swatch with complementary groomsmen tie and pocket square options, color coordination visualization"
  }
}
