{
  "title": "Summer Wedding Suit Fabrics 2026: Tropical Wool vs. Linen vs. Cotton (Temperature Guide + Breathability Ratings)",
  "slug": "summer-wedding-suit-fabrics-2026-guide",
  "excerpt": "Summer weddings mean 80°F+ temperatures and the challenge of looking sharp while staying cool. This guide provides fabric weights, breathability science, and temperature matching to help you choose the right suit for summer heat.",
  "content_type": "blog_post",
  "category": "Wedding Guides",
  "author": "KCT Style Team",
  "scheduled_date": "2026-05-08",
  "priority": 1,
  "status": "draft",
  "read_time": "9 min read",
  "target_keywords": [
    "summer wedding suit fabrics",
    "lightweight suit fabrics wedding",
    "tropical wool vs linen wedding",
    "breathable wedding suits",
    "best fabric for outdoor summer wedding",
    "linen suit wrinkle wedding",
    "Kalamazoo summer wedding suits",
    "Southwest Michigan wedding"
  ],
  "tags": [
    "summer weddings 2026",
    "tropical wool",
    "linen suits",
    "cotton suits",
    "fabric guide",
    "breathability",
    "temperature guide",
    "outdoor weddings",
    "Southwest Michigan"
  ],
  "internal_links": [
    "/suits/summer",
    "/suits/linen",
    "/wedding"
  ],
  "word_count": 2500,
  "seo_notes": "Authority piece on summer suit fabrics. Technical depth (fabric weights, construction details) differentiates from competitors. Temperature matching provides unique value. Target featured snippets for fabric comparison queries.",
  "image_prompts": {
    "hero": "Three summer wedding suits on mannequins - tropical wool, linen, cotton - in outdoor garden setting with summer light, fabric texture visible, breathability concept, no text",
    "fabric_hierarchy": "Infographic showing breathability ranking from linen to seersucker, temperature scales, clean modern design with fabric swatches",
    "tropical_wool_detail": "Extreme close-up of tropical weight wool fabric showing open weave structure, professional textile photography, educational visualization",
    "linen_texture": "Close-up of linen suit fabric showing characteristic slubby texture and natural drape, product photography style",
    "temperature_chart": "Infographic matching temperature ranges to recommended fabrics and lining options, thermometer visual, wedding icons",
    "construction_details": "Cross-section illustration showing half-lined vs quarter-lined vs unlined jacket construction, educational diagram style"
  }
}
