{
  "title": "Graduation Attire in Kalamazoo: WMU, K-College & High School",
  "slug": "graduation-attire-kalamazoo-wmu-high-school",
  "excerpt": "Graduation outfit guide for Kalamazoo-area ceremonies. What to wear under your gown at WMU, Kalamazoo College, and local high school graduations. Plus family guest attire.",
  "content_type": "local_seo_blog",
  "category": "Local SEO - Graduation",
  "author": "KCT Style Team",
  "scheduled_date": "2026-05-04",
  "priority": 2,
  "status": "draft",
  "read_time": "8 min read",
  "target_keywords": [
    "graduation outfit Kalamazoo",
    "WMU graduation attire",
    "high school graduation suit",
    "what to wear under cap and gown Michigan",
    "graduation suit Portage",
    "Kalamazoo College graduation"
  ],
  "local_keywords": [
    "WMU commencement attire",
    "Kalamazoo College graduation outfit",
    "Portage Northern graduation",
    "Loy Norrix graduation dress code",
    "KVCC graduation suit",
    "Southwest Michigan graduation"
  ],
  "tags": [
    "local SEO",
    "graduation",
    "WMU",
    "Western Michigan University",
    "Kalamazoo College",
    "high school",
    "Kalamazoo",
    "Portage",
    "commencement",
    "milestone"
  ],
  "internal_links": [
    "/suits/navy",
    "/suits/charcoal",
    "/blazers",
    "/shirts/dress",
    "/appointments"
  ],
  "local_schools_mentioned": [
    "Western Michigan University",
    "Kalamazoo College",
    "KVCC",
    "Portage Northern",
    "Portage Central",
    "Loy Norrix",
    "Kalamazoo Central",
    "Mattawan",
    "Gull Lake"
  ],
  "service_areas": [
    "Kalamazoo",
    "Portage",
    "Mattawan",
    "Southwest Michigan"
  ],
  "word_count": 1700,
  "local_seo_score": 93,
  "seo_notes": "Targets graduation attire searches for Kalamazoo area with specific school references. Dual focus (graduates and guests) expands audience. Weather section addresses Michigan-specific concerns. Timeline creates urgency. FAQ targets common graduation dress questions for local schools.",
  "schema_types": ["LocalBusiness", "FAQPage"],
  "seasonal_relevance": "Late April through mid-June (graduation season)",
  "image_prompts": {
    "hero": "Graduate in cap and gown with navy suit visible underneath, proud moment at commencement ceremony, WMU campus setting, professional graduation photography",
    "under_gown": "Male graduate lifting gown to reveal sharp charcoal suit underneath, graduation attire styling, professional photography",
    "family": "Family at graduation ceremony, father in smart blazer, grandfather in suit, all dressed appropriately for commencement, professional family event photography",
    "celebration": "Graduate celebrating with diploma, navy suit with school color tie, outdoor campus setting, late spring Michigan weather, professional graduation photography"
  }
}
