{
  "title": "Best Graduation Suit Colors for Men 2026: Navy vs. Gray vs. Charcoal (Plus Job Interview Versatility Guide)",
  "slug": "graduation-suit-colors-2026-navy-gray-charcoal",
  "excerpt": "Your graduation suit isn't just for walking across a stage—it's the first piece of your professional wardrobe. This guide breaks down the 'Big Three' colors and helps you choose the shade that serves your career for years.",
  "content_type": "blog_post",
  "category": "Career & Professional",
  "author": "KCT Style Team",
  "scheduled_date": "2026-05-01",
  "priority": 1,
  "status": "draft",
  "read_time": "8 min read",
  "target_keywords": [
    "graduation suit colors men 2026",
    "best suit color for graduation",
    "navy suit vs gray suit graduation",
    "professional graduation suit colors",
    "graduation suit for job interviews",
    "what color suit to wear under graduation gown",
    "Kalamazoo graduation suits",
    "Southwest Michigan graduation"
  ],
  "tags": [
    "graduation 2026",
    "suit colors",
    "navy suits",
    "charcoal suits",
    "gray suits",
    "job interviews",
    "professional wardrobe",
    "career investment",
    "Southwest Michigan"
  ],
  "internal_links": [
    "/suits/navy",
    "/suits/gray",
    "/professional"
  ],
  "word_count": 2200,
  "seo_notes": "Position as career investment content. Target peak commencement season. Industry-specific recommendations add value. Capture featured snippet for 'best graduation suit color' queries.",
  "image_prompts": {
    "hero": "Three graduation-ready suits on mannequins - navy blue, charcoal gray, medium gray - in professional showroom setting, clean lighting, comparison display, no text",
    "navy_detail": "Close-up of navy blue suit lapel and shoulder with white shirt and burgundy tie, professional photography, fabric texture visible",
    "charcoal_detail": "Close-up of charcoal gray suit with light blue shirt and patterned tie, modern sophisticated styling, professional photography",
    "gray_detail": "Medium gray suit in natural light setting, brown leather shoes visible, approachable professional aesthetic",
    "comparison_chart": "Infographic showing navy vs charcoal vs gray comparison across formality, versatility, and season factors, clean modern design",
    "graduation_to_interview": "Split image showing same navy suit at graduation ceremony (with colorful tie) and job interview (with conservative tie), transformation concept"
  }
}
