{
  "title": "Kentucky Derby Party Style: What to Wear in Kalamazoo",
  "slug": "kentucky-derby-party-style-kalamazoo",
  "excerpt": "Kentucky Derby party outfit ideas for Kalamazoo men. What to wear to Derby Day parties, watch parties, and spring racing events in Southwest Michigan.",
  "content_type": "local_seo_blog",
  "category": "Local SEO - Kentucky Derby",
  "author": "KCT Style Team",
  "scheduled_date": "2026-04-27",
  "priority": 1,
  "status": "draft",
  "read_time": "6 min read",
  "target_keywords": [
    "Kentucky Derby outfit Kalamazoo",
    "Derby Day party Michigan",
    "spring racing style Portage",
    "men's Derby fashion",
    "seersucker suit Michigan",
    "Derby Day dress code"
  ],
  "local_keywords": [
    "Kalamazoo Derby party",
    "Gull Lake Country Club Derby",
    "Kalamazoo Country Club events",
    "Southwest Michigan spring events",
    "Derby watch party Kalamazoo"
  ],
  "tags": [
    "local SEO",
    "Kentucky Derby",
    "Derby Day",
    "spring style",
    "Kalamazoo",
    "Portage",
    "seersucker",
    "bow tie",
    "country club"
  ],
  "internal_links": [
    "/suits/spring",
    "/suits/seersucker",
    "/bow-ties",
    "/accessories",
    "/appointments"
  ],
  "local_venues_mentioned": [
    "Gull Lake Country Club",
    "Kalamazoo Country Club"
  ],
  "service_areas": [
    "Kalamazoo",
    "Portage"
  ],
  "word_count": 1400,
  "local_seo_score": 88,
  "seo_notes": "Targets Kentucky Derby party searches for Kalamazoo area. Clear DO/DON'T guidance provides practical value. Outfit formulas help with decision-making. Color guide captures spring racing aesthetic. Local event mentions demonstrate community awareness.",
  "schema_types": ["LocalBusiness", "FAQPage"],
  "seasonal_relevance": "Late April through first Saturday of May (Derby Day)",
  "image_prompts": {
    "hero": "Man in seersucker suit with colorful bow tie at Kentucky Derby party, holding mint julep, country club setting, professional event photography",
    "seersucker": "Full body shot of man in blue and white seersucker suit with straw hat and colorful bow tie, Derby Day style, outdoor spring setting, professional fashion photography",
    "bow_ties": "Collection of colorful Derby Day bow ties in bright pinks, yellows, and blues, arranged on light surface, editorial product photography",
    "party": "Group of well-dressed men at Derby watch party, various spring suits and bow ties, country club atmosphere, mint juleps, professional event photography"
  }
}
