{
  "title": "Best Linen Suit Colors for Summer Weddings 2026: Beige vs. Light Blue vs. Tan (Photo-Ready Shades)",
  "slug": "linen-suit-colors-2026-summer-weddings",
  "excerpt": "Linen suits are the uniform of summer weddings—but which color? This guide breaks down the top five linen suit colors for 2026 and helps you choose the shade that works for your venue, skin tone, and style.",
  "content_type": "blog_post",
  "category": "Wedding Guides",
  "author": "KCT Style Team",
  "scheduled_date": "2026-05-22",
  "priority": 1,
  "status": "draft",
  "read_time": "8 min read",
  "target_keywords": [
    "linen suit colors 2026",
    "best color linen suit wedding",
    "beige linen suit wedding",
    "light blue linen suit summer",
    "tan linen suit outdoor wedding",
    "linen suit colors that photograph well",
    "Kalamazoo linen suits",
    "Southwest Michigan summer wedding"
  ],
  "tags": [
    "linen suits",
    "summer weddings 2026",
    "beige suits",
    "light blue suits",
    "tan suits",
    "sage green suits",
    "wedding photography",
    "color guide",
    "Southwest Michigan"
  ],
  "internal_links": [
    "/suits/linen",
    "/suits/summer",
    "/wedding"
  ],
  "word_count": 2200,
  "seo_notes": "Authority piece on linen suit colors with long shelf life (May-September). Photography considerations add unique value. Color comparison table targets featured snippets. Wrinkle reality section addresses common concern honestly.",
  "image_prompts": {
    "hero": "Five linen suits on mannequins showing beige, light gray, tan, light blue, and sage green, outdoor garden setting with summer light, color palette display, no text",
    "beige_detail": "Close-up of natural beige linen suit with white shirt and terracotta tie, beach/garden setting in background, golden light",
    "gray_detail": "Light gray linen suit with white shirt and navy tie, modern urban rooftop setting, sophisticated styling",
    "blue_detail": "Light blue linen suit with white shirt and coral tie, coastal/nautical setting, blue sky backdrop, fresh modern look",
    "sage_detail": "Sage green linen suit with cream shirt and blush tie, garden setting with greenery backdrop, nature-inspired styling",
    "color_comparison": "Side by side lineup of all five colors in natural outdoor light, fabric swatches visible, comparison photography style"
  }
}
