{
  "title": "Navy Suits: The Complete Styling Guide",
  "slug": "navy-suits-complete-styling-guide",
  "excerpt": "Everything you need to know about styling navy suits. Shirt pairings, tie combinations, shoe choices, and occasion-specific tips for the most versatile suit color.",
  "content_type": "blog_post",
  "category": "Color Guide",
  "author": "KCT Style Team",
  "scheduled_date": "2026-03-02",
  "priority": 1,
  "status": "draft",
  "read_time": "7 min read",
  "word_count": 1600,
  "target_keywords": [
    "navy suit styling",
    "navy suit combinations",
    "what to wear with navy suit",
    "navy suit shirt",
    "navy suit tie",
    "navy suit guide",
    "navy suit brown shoes"
  ],
  "tags": [
    "navy",
    "styling guide",
    "color coordination",
    "suit guide",
    "menswear basics",
    "outfit combinations"
  ],
  "internal_links": [
    "/collections/suits",
    "/pages/appointments",
    "/products/m438sk-09",
    "/products/m435sk-06",
    "/products/m454sk-20",
    "/products/m438sk-10"
  ],
  "products_featured": [
    {"handle": "m438sk-09", "name": "Navy Double Breasted Suit", "price": 269},
    {"handle": "m435sk-06", "name": "Navy Velvet Chevron Suit", "price": 309},
    {"handle": "m454sk-20", "name": "Navy Velvet Sparkle Tuxedo", "price": 299},
    {"handle": "m438sk-10", "name": "Royal Blue Double Breasted Suit", "price": 269}
  ],
  "schema_types": ["BlogPosting", "FAQPage", "Product"],
  "image_prompts": {
    "hero": "Navy double breasted suit on mannequin or model with perfect styling, professional photography, clean background",
    "shirt_pairings": "Navy suit with different shirt options displayed - white, light blue, pink - flat lay or side by side",
    "tie_combinations": "Collection of ties that pair with navy - burgundy, gold, gray, green - styled arrangement",
    "complete_outfit": "Full navy suit outfit with brown shoes, burgundy tie, pocket square - complete look photography"
  }
}
