{
  "title": "New Year's Eve Party Attire: Ring in 2027 in Style",
  "slug": "new-years-eve-party-attire",
  "excerpt": "What to wear for New Year's Eve celebrations. From black-tie galas to casual house parties, find the perfect NYE outfit to start the year right.",
  "content_type": "blog_post",
  "category": "Special Events",
  "author": "KCT Style Team",
  "scheduled_date": "2026-03-09",
  "priority": 1,
  "status": "draft",
  "read_time": "6 min read",
  "word_count": 1400,
  "target_keywords": [
    "New Year's Eve outfit",
    "NYE party attire",
    "holiday party suit",
    "New Year celebration outfit",
    "what to wear NYE",
    "New Year's Eve suit"
  ],
  "tags": [
    "New Year's Eve",
    "holiday party",
    "celebration",
    "velvet suits",
    "special events",
    "party attire"
  ],
  "internal_links": [
    "/collections/suits",
    "/pages/appointments",
    "/products/m454sk-19",
    "/products/m438sk-03",
    "/products/m435sk-06",
    "/products/m454sk-17"
  ],
  "products_featured": [
    {"handle": "m454sk-19", "name": "Black Velvet Sparkle Tuxedo", "price": 299},
    {"handle": "m438sk-03", "name": "Gold Double Breasted Suit", "price": 269},
    {"handle": "m435sk-06", "name": "Navy Velvet Chevron Suit", "price": 309},
    {"handle": "m454sk-17", "name": "Burgundy Velvet Sparkle Tuxedo", "price": 299}
  ],
  "schema_types": ["BlogPosting", "FAQPage", "Product"],
  "image_prompts": {
    "hero": "Man in black velvet sparkle suit at New Year's Eve party, champagne, confetti, festive atmosphere",
    "gold_suit": "Gold suit at NYE celebration, glamorous party setting, champagne toast",
    "party_scene": "Upscale New Year's Eve party with well-dressed attendees, elegant venue, midnight countdown",
    "velvet_detail": "Close-up of velvet suit texture with sparkle, party lighting, celebratory mood"
  }
}
