{
  "title": "December Holiday Party Suits 2026: Velvet Blazers, Jewel Tones & Festive-Not-Costume Preview (Early Shopping Guide)",
  "slug": "december-holiday-party-suits-2026-preview",
  "excerpt": "Early shopping guide for December 2026 holiday parties. Velvet blazers, burgundy suits, emerald green, and festive-not-costume styling. Shop in November, shine in December.",
  "content_type": "blog_post",
  "category": "December Preview",
  "author": "KCT Style Team",
  "scheduled_date": "2026-11-29",
  "priority": 1,
  "status": "draft",
  "read_time": "10 min read",
  "target_keywords": [
    "December holiday party suits 2026",
    "office holiday party suit colors",
    "velvet blazer Christmas party",
    "festive formal wear December",
    "burgundy suit holiday party",
    "emerald green blazer festive"
  ],
  "tags": [
    "holiday party",
    "December preview",
    "velvet blazer",
    "burgundy suits",
    "emerald green",
    "festive attire",
    "office party",
    "early shopping",
    "Southwest Michigan"
  ],
  "internal_links": [
    "/suits/velvet",
    "/suits/burgundy",
    "/suits/emerald-green",
    "/suits/holiday",
    "/services/styling"
  ],
  "word_count": 2200,
  "seo_notes": "Forward-looking content captures late November shoppers preparing for December. November shopping advantages provide urgency without pressure. Color preview establishes authority before December competition. Festive vs costume section prevents purchase regret. Industry guidelines help professionals navigate company culture. December content preview builds anticipation for next month's guides. FAQ targets featured snippets for holiday party queries.",
  "image_prompts": {
    "hero": "December holiday party atmosphere - elegant venue with festive decorations, men in jewel-tone suits, warm celebration lighting",
    "burgundy": "Man in burgundy velvet suit at upscale holiday party, sophisticated lighting, festive atmosphere",
    "emerald": "Man in emerald green blazer with black pants at cocktail event, modern styling",
    "velvet": "Close-up of velvet blazer texture in burgundy, navy, and emerald showing luxury fabric detail",
    "comparison": "Split panel showing festive elegance (jewel tones, velvet) vs costume mistake (reindeer tie, light-up accessories)"
  }
}
