{
  "title": "Velvet Suits for Fall Weddings 2026: Burgundy, Navy, Forest Green (The Ultimate Luxury Texture Guide)",
  "slug": "velvet-suits-fall-weddings-2026-guide",
  "excerpt": "The velvet suit renaissance is here. Complete guide to burgundy, navy, and forest green velvet for fall-winter weddings. Sophisticated luxury texture without the 1970s vibe.",
  "content_type": "blog_post",
  "category": "Luxury Fabric Guide",
  "author": "KCT Style Team",
  "scheduled_date": "2026-11-08",
  "priority": 1,
  "status": "draft",
  "read_time": "14 min read",
  "target_keywords": [
    "velvet suits fall weddings 2026",
    "burgundy velvet suit wedding",
    "navy velvet suit groom",
    "velvet wedding suit men",
    "luxury velvet blazer formal",
    "velvet vs wool suit wedding"
  ],
  "tags": [
    "velvet suits",
    "2026 trend",
    "fall winter wedding",
    "burgundy velvet",
    "navy velvet",
    "forest green velvet",
    "luxury fabric",
    "modern styling",
    "Southwest Michigan"
  ],
  "internal_links": [
    "/suits/velvet",
    "/suits/burgundy-velvet",
    "/suits/navy-velvet",
    "/suits/forest-green-velvet",
    "/services/styling"
  ],
  "word_count": 3100,
  "seo_notes": "Establishes KCT as velvet authority for luxury wedding fabric. 1970s vs 2026 comparison immediately addresses concerns about dated styling. Fabric science section provides educational depth. Color rankings help decision-making. Styling approaches prevent fashion mistakes. Venue appropriateness guide helps match fabric to setting. Care section provides practical value. FAQ targets featured snippets for velvet queries.",
  "image_prompts": {
    "hero": "Luxury velvet suit collection display - burgundy, navy, and forest green velvet suits on mannequins, sophisticated showroom setting, rich fabric texture visible",
    "burgundy": "Groom in burgundy velvet suit at evening wedding, candlelit venue, romantic atmosphere, fabric catching light beautifully",
    "navy": "Groom in navy velvet suit with gold accessories, formal wedding setting, winter evening light",
    "forest_green": "Groom in forest green velvet suit at holiday wedding, evergreen decorations visible, warm lighting",
    "texture": "Extreme close-up of velvet fabric showing nap direction and light reflection, luxurious texture detail",
    "styling": "Three-panel showing velvet styling approaches - Classic Elegance, Black-Tie Elevation, Warm Metallics"
  }
}
