{
  "title": "Winter Wedding Suits in Kalamazoo & Southwest Michigan",
  "slug": "winter-wedding-suits-kalamazoo-southwest-michigan",
  "excerpt": "Winter wedding suits in Kalamazoo, Portage, and Southwest Michigan. Heavy fabrics, jewel tone colors, and venue-specific styling for November-February Michigan weddings.",
  "content_type": "local_seo_blog",
  "category": "Local SEO - Winter Weddings",
  "author": "KCT Style Team",
  "scheduled_date": "2026-11-10",
  "priority": 1,
  "status": "draft",
  "read_time": "9 min read",
  "target_keywords": [
    "winter wedding suits Kalamazoo",
    "November wedding attire Michigan",
    "December wedding suits Portage",
    "cold weather wedding menswear",
    "heavy wool suits Kalamazoo",
    "Michigan winter groom attire"
  ],
  "local_keywords": [
    "Kalamazoo winter wedding",
    "Portage wedding suits",
    "Southwest Michigan groom",
    "Battle Creek wedding formal",
    "St. Joseph winter ceremony",
    "South Haven wedding attire"
  ],
  "tags": [
    "local SEO",
    "winter wedding",
    "Kalamazoo",
    "Portage",
    "Southwest Michigan",
    "heavy wool",
    "tweed",
    "flannel",
    "velvet",
    "Michigan venues"
  ],
  "internal_links": [
    "/suits/winter",
    "/suits/heavy-wool",
    "/suits/tweed",
    "/suits/flannel",
    "/suits/velvet",
    "/services/wedding",
    "/appointments"
  ],
  "local_venues_mentioned": [
    "Henderson Castle",
    "The Reserve",
    "Radisson Plaza",
    "Hilton Garden Inn",
    "Various barn venues"
  ],
  "service_areas": [
    "Kalamazoo",
    "Portage",
    "Battle Creek",
    "St. Joseph",
    "South Haven",
    "Saugatuck",
    "Paw Paw"
  ],
  "word_count": 1900,
  "local_seo_score": 95,
  "seo_notes": "Comprehensive local SEO targeting for Southwest Michigan winter wedding market. Michigan weather realities establish local expertise. Fabric weight guidance provides practical value. Venue-specific recommendations demonstrate local knowledge. Overcoat section addresses unique Michigan need. FAQ targets local search queries with featured snippet potential.",
  "schema_types": ["LocalBusiness", "FAQPage"],
  "image_prompts": {
    "hero": "Groom in elegant charcoal wool suit with burgundy accents at indoor winter wedding venue, soft romantic lighting, Michigan winter wedding setting, professional wedding photography",
    "venue": "Beautiful indoor winter wedding ceremony at historic Michigan venue, warm lighting contrasting with snow visible through windows, elegant formal atmosphere",
    "fabrics": "Close-up detail shots of winter suit fabrics - heavy wool, tweed, flannel textures - arranged on dark wood surface, editorial menswear photography, warm tones",
    "overcoat": "Groom wearing charcoal overcoat over suit, standing outside winter venue, snow lightly falling, professional winter wedding photography, elegant and warm"
  }
}
