{
  "title": "Holiday Party & Thanksgiving Attire in Kalamazoo",
  "slug": "holiday-party-thanksgiving-attire-kalamazoo",
  "excerpt": "Holiday party suits and Thanksgiving attire in Kalamazoo & Southwest Michigan. Corporate event styling, family gathering looks, and festive formal wear for the season.",
  "content_type": "local_seo_blog",
  "category": "Local SEO - Holiday Events",
  "author": "KCT Style Team",
  "scheduled_date": "2026-11-03",
  "priority": 1,
  "status": "draft",
  "read_time": "8 min read",
  "target_keywords": [
    "holiday party suits Kalamazoo",
    "Thanksgiving attire Michigan",
    "corporate party formal wear Portage",
    "festive suits Southwest Michigan",
    "Christmas party suit Kalamazoo",
    "velvet suit Kalamazoo"
  ],
  "local_keywords": [
    "Kalamazoo corporate party",
    "Portage holiday event",
    "Southwest Michigan gala",
    "Battle Creek formal wear",
    "Bronson Healthcare event attire",
    "Stryker holiday party",
    "WMU gala attire"
  ],
  "tags": [
    "local SEO",
    "holiday party",
    "Thanksgiving",
    "Kalamazoo",
    "Portage",
    "Southwest Michigan",
    "corporate events",
    "velvet suits",
    "festive attire"
  ],
  "internal_links": [
    "/suits",
    "/suits/velvet",
    "/blazers",
    "/accessories",
    "/appointments",
    "/locations"
  ],
  "local_employers_mentioned": [
    "Stryker",
    "Bronson Healthcare",
    "Pfizer",
    "Zoetis",
    "Kalamazoo College",
    "Western Michigan University"
  ],
  "word_count": 1700,
  "local_seo_score": 93,
  "seo_notes": "Targets holiday party and Thanksgiving search traffic for Kalamazoo area professionals. References major local employers to capture corporate audience. Event-by-event dress code guide provides practical value. Velvet section captures fabric trend interest. Timeline creates shopping urgency. FAQ targets local search queries.",
  "schema_types": ["LocalBusiness", "FAQPage"],
  "image_prompts": {
    "hero": "Well-dressed professional man at corporate holiday party wearing burgundy velvet blazer with dark trousers, festive decorations in background, warm elegant lighting, professional event photography",
    "thanksgiving": "Man in smart casual fall attire - navy blazer, white shirt, no tie, brown leather accessories - standing in warm family gathering setting, professional lifestyle photography",
    "corporate": "Group of well-dressed professionals at holiday office party, men in suits with festive ties, elegant corporate event space with tasteful decorations, professional event photography",
    "velvet": "Close-up detail shot of burgundy velvet blazer texture with gold buttons visible, sophisticated holiday party lighting, editorial menswear photography"
  }
}
