{
  "title": "Thanksgiving Weekend Wedding 2026: Extended Celebration Guide (Multi-Day Outfits, Travel-Friendly Suits & Guest Coordination)",
  "slug": "thanksgiving-weekend-wedding-2026-guide",
  "excerpt": "Complete Thanksgiving weekend wedding guide for 2026. Multi-day outfit strategy, travel-friendly suits, and guest coordination for November 28 extended celebrations.",
  "content_type": "blog_post",
  "category": "Holiday Weekend Guide",
  "author": "KCT Style Team",
  "scheduled_date": "2026-11-15",
  "priority": 1,
  "status": "draft",
  "read_time": "11 min read",
  "target_keywords": [
    "Thanksgiving weekend wedding 2026",
    "November 28 2026 wedding suits",
    "multi-day wedding outfit strategy",
    "Thanksgiving wedding guest outfits",
    "extended wedding weekend suits",
    "travel-friendly wedding suits"
  ],
  "tags": [
    "Thanksgiving wedding",
    "extended celebration",
    "multi-day wedding",
    "travel-friendly suits",
    "November wedding",
    "guest etiquette",
    "holiday weekend",
    "wrinkle-resistant",
    "Southwest Michigan"
  ],
  "internal_links": [
    "/suits/travel-friendly",
    "/suits/burgundy",
    "/suits/navy",
    "/suits/wrinkle-resistant",
    "/services/styling"
  ],
  "word_count": 2600,
  "seo_notes": "Addresses unique logistics of Thanksgiving weekend weddings that competitors ignore. Multi-day outfit strategy provides practical value. Travel packing section adds utility. Guest etiquette section builds trust. Color strategies show single purchase creating multiple looks. Photography timing addresses late November light challenges. FAQ targets featured snippets for Thanksgiving wedding queries.",
  "image_prompts": {
    "hero": "Thanksgiving weekend wedding atmosphere - warm harvest decorations, extended family gathering, November wedding venue with autumn elements",
    "multi_day": "Three-panel showing Thursday casual, Friday cocktail, Saturday formal outfit progression for same guest",
    "travel": "Garment bag and suitcase packed for wedding travel, organized clothing, professional packing display",
    "ceremony": "Saturday wedding ceremony with late November lighting, warm indoor venue, guests in formal attire",
    "brunch": "Sunday farewell brunch with relaxed atmosphere, guests in smart casual attire, morning light"
  }
}
