{
  "title": "November Wedding Suits 2026: Harvest Colors, Burgundy, Chocolate Brown & Rich Fall Tones (Complete Groom's Guide)",
  "slug": "november-wedding-suits-2026-harvest-colors-guide",
  "excerpt": "November sits at autumn's peak aesthetic moment. Complete guide to harvest wedding colors—burgundy, chocolate brown, forest green—plus fabric weights and Thanksgiving weekend styling.",
  "content_type": "blog_post",
  "category": "Harvest Wedding Guide",
  "author": "KCT Style Team",
  "scheduled_date": "2026-11-01",
  "priority": 1,
  "status": "draft",
  "read_time": "12 min read",
  "target_keywords": [
    "November wedding suits 2026",
    "November wedding suit colors",
    "harvest wedding attire men",
    "burgundy suit November wedding",
    "chocolate brown suit fall wedding",
    "late fall wedding groom outfit"
  ],
  "tags": [
    "November wedding",
    "harvest colors",
    "burgundy suits",
    "chocolate brown",
    "forest green",
    "Thanksgiving wedding",
    "fall wedding",
    "groomsmen coordination",
    "Southwest Michigan"
  ],
  "internal_links": [
    "/suits/burgundy",
    "/suits/brown",
    "/suits/green",
    "/suits/fall",
    "/services/styling"
  ],
  "word_count": 2600,
  "seo_notes": "Comprehensive November color authority establishes KCT as harvest wedding destination. Color rankings with symbolism provide depth. Fabric weight timeline addresses temperature concerns. Texture options expand styling possibilities. Groomsmen coordination strategies aid wedding party planning. Thanksgiving weekend section captures premium date shoppers. Photography considerations add professional value. FAQ targets featured snippets.",
  "image_prompts": {
    "hero": "November harvest wedding aesthetic - groom in burgundy suit at rustic venue, late fall foliage visible, warm golden hour light",
    "burgundy": "Groom in burgundy suit at vineyard or barn wedding, November atmosphere, rich harvest colors",
    "brown": "Groom in chocolate brown suit at countryside estate, harvest decorations visible, warm earth tones",
    "forest_green": "Groom in forest green suit at woodland venue, evergreen elements, nature-inspired styling",
    "groomsmen": "Wedding party in coordinated harvest colors - burgundy, brown, green variations, unified accessories",
    "thanksgiving": "Thanksgiving weekend wedding elements - harvest decorations, warm lighting, gratitude theme"
  }
}
