{
  "title": "Tweed Wedding Suits 2026: Brown, Gray, Green (Complete Rustic Elegance Guide for November Ceremonies)",
  "slug": "tweed-wedding-suits-2026-complete-guide",
  "excerpt": "Complete tweed wedding suit guide for 2026. Brown, gray, and green tweed for rustic November ceremonies. Patterns decoded, styling rules, and venue appropriateness.",
  "content_type": "blog_post",
  "category": "Heritage Fabric Authority",
  "author": "KCT Style Team",
  "scheduled_date": "2026-11-22",
  "priority": 1,
  "status": "draft",
  "read_time": "14 min read",
  "target_keywords": [
    "tweed wedding suits 2026",
    "tweed suit November wedding",
    "brown tweed groom rustic barn",
    "gray tweed suit formal wedding",
    "herringbone wedding suit styling",
    "tweed suit too casual formal wedding"
  ],
  "tags": [
    "tweed suits",
    "2026 weddings",
    "rustic wedding",
    "brown tweed",
    "gray tweed",
    "herringbone",
    "houndstooth",
    "barn wedding",
    "Southwest Michigan"
  ],
  "internal_links": [
    "/suits/tweed",
    "/suits/brown-tweed",
    "/suits/gray-tweed",
    "/suits/herringbone",
    "/services/styling"
  ],
  "word_count": 3100,
  "seo_notes": "Establishes KCT as definitive tweed wedding authority. Pattern decoder educates buyers on herringbone, houndstooth, glen check differences. Venue appropriateness guide prevents purchase regret. Comparison table vs flannel and wool aids decision-making. Modern vs dated section addresses costume concerns. Investment value calculation supports purchase decision. FAQ targets featured snippets for tweed wedding queries.",
  "image_prompts": {
    "hero": "Brown tweed suit on groom at rustic barn venue, November countryside backdrop, warm harvest lighting",
    "patterns": "Close-up grid showing herringbone, houndstooth, glen check, and Donegal tweed patterns side by side",
    "brown": "Groom in brown tweed three-piece suit at countryside estate, autumn foliage, warm earth tones",
    "gray": "Groom in gray herringbone tweed at semi-formal rustic venue, sophisticated styling",
    "styling": "Three-panel showing tweed with different accessories - wool tie, silk tie, bow tie variations",
    "groomsmen": "Wedding party in coordinated tweed suits - groom distinguished by color or pattern"
  }
}
