{
  "title": "Flannel Suits Are Back: Fall 2026 Wedding Trend (Charcoal, Navy, Brown + Modern Styling Beyond Lumberjack)",
  "slug": "flannel-suits-fall-2026-wedding-trend",
  "excerpt": "Flannel suits are experiencing a major 2026 revival. Complete guide to charcoal, navy, and brown flannel—modern styling that's sophisticated, not lumberjack.",
  "content_type": "blog_post",
  "category": "Trend Report",
  "author": "KCT Style Team",
  "scheduled_date": "2026-10-22",
  "priority": 1,
  "status": "draft",
  "read_time": "12 min read",
  "target_keywords": [
    "flannel suits fall weddings 2026",
    "flannel suit men modern styling",
    "fall wedding flannel suit colors",
    "brushed wool suit fall",
    "flannel suit trend 2026",
    "flannel vs wool suit wedding"
  ],
  "tags": [
    "flannel suits",
    "2026 trend",
    "fall wedding",
    "charcoal flannel",
    "navy flannel",
    "brown flannel",
    "brushed wool",
    "modern styling",
    "Southwest Michigan"
  ],
  "internal_links": [
    "/suits/flannel",
    "/suits/charcoal-flannel",
    "/suits/navy-flannel",
    "/suits/fall",
    "/services/styling"
  ],
  "word_count": 2600,
  "seo_notes": "Positions flannel as sophisticated 2026 trend, not dated lumberjack aesthetic. Comparison table vs worsted wool helps buyers understand difference. Color ranking provides clear recommendations. Styling approaches prevent fashion faux pas. Appropriateness guide helps match fabric to venue. Investment value supports purchase decision. FAQ targets featured snippets for flannel queries.",
  "image_prompts": {
    "hero": "Modern flannel suit display - charcoal and navy flannel suits on mannequins, sophisticated styling, fall 2026 fashion aesthetic",
    "texture": "Close-up of flannel wool texture showing brushed surface, soft matte finish, tactile quality visible",
    "charcoal": "Groom in charcoal flannel suit at formal fall wedding, classic styling, sophisticated elegance",
    "navy": "Groom in navy flannel suit with brown shoes and texture accessories, modern sartorial approach",
    "styling": "Three-panel showing flannel styling approaches - Classic Formal, Sartorial Flair, High-Low Modern",
    "comparison": "Side-by-side fabric comparison of flannel wool vs worsted wool showing texture difference"
  }
}
