{
  "title": "Tweed Wedding Suits 2026: Rustic Elegance for Barn, Vineyard & Countryside October Ceremonies (Complete Styling Guide)",
  "slug": "tweed-wedding-suits-2026-rustic-guide",
  "excerpt": "Tweed is October's signature wedding fabric. Complete guide to brown, gray, green, and navy tweed—patterns, styling, and when tweed is (and isn't) appropriate for fall ceremonies.",
  "content_type": "blog_post",
  "category": "Fabric Authority",
  "author": "KCT Style Team",
  "scheduled_date": "2026-10-08",
  "priority": 1,
  "status": "draft",
  "read_time": "13 min read",
  "target_keywords": [
    "tweed wedding suits fall 2026",
    "rustic wedding suit men",
    "tweed suit barn wedding",
    "brown tweed suit styling",
    "herringbone wedding suit",
    "countryside wedding attire"
  ],
  "tags": [
    "tweed suits",
    "rustic wedding",
    "barn wedding",
    "vineyard wedding",
    "October wedding",
    "herringbone",
    "fall fabric",
    "countryside",
    "Southwest Michigan"
  ],
  "internal_links": [
    "/suits/tweed",
    "/suits/brown-tweed",
    "/suits/gray-tweed",
    "/suits/fall",
    "/services/styling"
  ],
  "word_count": 2800,
  "seo_notes": "Comprehensive tweed authority establishes KCT as rustic wedding destination. Color hierarchy helps buyers navigate options. Pattern decoder educates on herringbone vs plaid. Venue appropriateness chart prevents mismatches. Comparison table vs flannel and wool adds decision value. Photography advantages support purchase decision. FAQ targets featured snippets for tweed queries.",
  "image_prompts": {
    "hero": "Groom in brown herringbone tweed suit at rustic barn wedding, October foliage visible through barn doors, heritage elegance",
    "brown_tweed": "Close-up of brown tweed fabric texture showing multi-colored flecks, warm earthy tones, craftsmanship detail",
    "gray_tweed": "Groom in gray tweed three-piece suit at vineyard ceremony, sophisticated rustic aesthetic",
    "patterns": "Side-by-side comparison of herringbone vs checkered/plaid tweed patterns with labels",
    "venue_match": "Split image showing tweed suit at appropriate venue (barn) vs inappropriate venue (modern minimalist)",
    "groomsmen": "Wedding party in coordinated tweed - groom in three-piece, groomsmen in two-piece, varied accessories"
  }
}
