{
  "title": "November Wedding Suit Shopping: Thanksgiving Weekend Dates, Cooler Fabrics & Late-Fall Color Transition (October Deadline)",
  "slug": "november-wedding-suits-2026-october-preview",
  "excerpt": "Shopping in late October for November weddings? Thanksgiving weekend dates, heavier fabrics, and the transition from fall to early-winter colors. Your October shopping deadline guide.",
  "content_type": "blog_post",
  "category": "November Preview",
  "author": "KCT Style Team",
  "scheduled_date": "2026-10-29",
  "priority": 1,
  "status": "draft",
  "read_time": "9 min read",
  "target_keywords": [
    "November wedding suits 2026",
    "Thanksgiving weekend wedding attire",
    "late fall wedding suit colors",
    "November groom suit trends",
    "fall to winter suit transition",
    "November wedding shopping deadline"
  ],
  "tags": [
    "November wedding",
    "Thanksgiving wedding",
    "late fall",
    "winter transition",
    "heavy wool",
    "flannel",
    "velvet preview",
    "forward planning",
    "Southwest Michigan"
  ],
  "internal_links": [
    "/suits/burgundy",
    "/suits/brown",
    "/suits/flannel",
    "/suits/tweed",
    "/services/alterations"
  ],
  "word_count": 2000,
  "seo_notes": "Forward-looking content captures late October shoppers planning November weddings. Timeline urgency addresses last-minute concerns. Deeper color palette distinguishes November from October. Thanksgiving weekend section addresses premium holiday date. Fabric weight recommendations ensure warmth. Preview of November content builds anticipation. FAQ targets featured snippets for November wedding queries.",
  "image_prompts": {
    "hero": "November wedding aesthetic - groom in deep burgundy suit, bare trees in background, late fall atmosphere, warm indoor-outdoor lighting",
    "thanksgiving": "Thanksgiving weekend wedding elements - warm harvest colors, gratitude theme, cozy venue with autumn decorations",
    "colors": "November color palette - deep burgundy, chocolate brown, charcoal, forest green fabric swatches",
    "fabrics": "Heavy fabric display - flannel, tweed, heavy wool samples showing substantial weight and warmth",
    "timeline": "Calendar graphic showing October shopping deadline for November weddings, urgency visual"
  }
}
