{
  "title": "10/10/26 Wedding Suits: Completeness, Perfection & The Ultimate Fall Color Guide (Burgundy, Olive, Tweed)",
  "slug": "10-10-26-wedding-suits-completeness-guide",
  "excerpt": "October 10, 2026 is 2026's most symbolically significant wedding date—the double 10's represent completeness and the full circle of life. Here's how to choose suit colors that honor this energy.",
  "content_type": "blog_post",
  "category": "Numerological Wedding Guide",
  "author": "KCT Style Team",
  "scheduled_date": "2026-10-01",
  "priority": 1,
  "status": "draft",
  "read_time": "11 min read",
  "target_keywords": [
    "October 10 2026 wedding suits",
    "10/10 wedding date significance",
    "numerologically significant October wedding",
    "fall wedding suit colors October",
    "completeness symbolism wedding attire",
    "perfect wedding date 2026 suits"
  ],
  "tags": [
    "10/10/26",
    "numerology",
    "October wedding",
    "fall wedding",
    "burgundy suits",
    "olive suits",
    "tweed suits",
    "completeness",
    "Southwest Michigan"
  ],
  "internal_links": [
    "/suits/burgundy",
    "/suits/olive",
    "/suits/brown",
    "/suits/tweed",
    "/services/alterations"
  ],
  "word_count": 2400,
  "seo_notes": "Culturally-informed content addresses numerological significance of 10/10/26 date. Color symbolism connects suit choices to completeness theme. Textured fabric recommendations add depth. Groomsmen coordination strategies incorporate numerical symbolism. Timeline urgency addresses last-minute shoppers. Photography considerations help with foliage timing. FAQ targets featured snippets for 10/10/26 queries.",
  "image_prompts": {
    "hero": "10/10/26 date elegantly displayed with fall foliage and wedding elements - burgundy suit on mannequin, numerological symbols subtly incorporated",
    "burgundy": "Groom in burgundy suit at October outdoor ceremony, peak fall foliage visible, golden hour light suggesting completeness",
    "olive": "Wedding party in olive green suits at rustic outdoor venue, harvest elements visible, nature's completion cycle aesthetic",
    "tweed": "Close-up of brown tweed fabric texture showing multiple threads woven together - completeness through complexity metaphor",
    "foliage": "Split image showing suit colors against peak October foliage - burgundy blending, navy contrasting",
    "groomsmen": "Unified wedding party in matching fall colors - all same suit representing collective wholeness"
  }
}
