{
  "title": "Homecoming Suits in Kalamazoo & Southwest Michigan 2026",
  "slug": "homecoming-suits-kalamazoo-southwest-michigan-2026",
  "excerpt": "Homecoming suits for Kalamazoo area high schools. Portage Northern, Loy Norrix, Mattawan, and Southwest Michigan homecoming attire. Expert fitting, affordable options.",
  "content_type": "local_seo_blog",
  "category": "Local SEO - Homecoming",
  "author": "KCT Style Team",
  "scheduled_date": "2026-10-13",
  "priority": 1,
  "status": "draft",
  "read_time": "7 min read",
  "target_keywords": [
    "homecoming suits Kalamazoo",
    "homecoming attire Portage MI",
    "high school formal wear Michigan",
    "homecoming dance suits Southwest Michigan",
    "teen suit Kalamazoo",
    "homecoming 2026 Portage"
  ],
  "local_keywords": [
    "Portage Northern homecoming",
    "Portage Central formal",
    "Loy Norrix homecoming suit",
    "Kalamazoo Central formal wear",
    "Mattawan homecoming",
    "Paw Paw high school dance",
    "Gull Lake homecoming attire"
  ],
  "tags": [
    "local SEO",
    "homecoming",
    "high school",
    "Kalamazoo",
    "Portage",
    "Southwest Michigan",
    "teen formal wear",
    "student suits"
  ],
  "internal_links": [
    "/suits",
    "/blazers",
    "/accessories/ties",
    "/appointments",
    "/locations"
  ],
  "local_schools_mentioned": [
    "Portage Northern High School",
    "Portage Central High School",
    "Loy Norrix High School",
    "Kalamazoo Central High School",
    "Mattawan High School",
    "Paw Paw High School",
    "Plainwell High School",
    "Gull Lake High School",
    "Otsego High School",
    "Vicksburg High School",
    "Hackett Catholic Prep",
    "Kalamazoo Christian High School"
  ],
  "word_count": 1600,
  "local_seo_score": 94,
  "seo_notes": "Targets homecoming search traffic for Kalamazoo area high school students and parents. Lists specific local schools to capture school-name searches. Addresses budget concerns and parent involvement. Timeline section creates urgency. Color coordination section addresses common student concern. FAQ targets local search queries.",
  "schema_types": ["LocalBusiness", "FAQPage"],
  "image_prompts": {
    "hero": "High school student in stylish navy blazer and dress pants at homecoming dance, confident pose, professional lighting, modern teen formal wear, school gymnasium decorated for dance in background",
    "suits": "Three teenage boys in coordinated homecoming attire - navy, charcoal, and burgundy suits with complementary ties, standing together, professional portrait photography, clean background",
    "coordination": "Teen couple dressed for homecoming - young man in charcoal suit with burgundy tie coordinating with date's dress color, posed elegantly, professional event photography",
    "details": "Flat lay of homecoming outfit - navy blazer, white dress shirt, burgundy tie, dress shoes, and boutonniere on clean surface, editorial product photography for teens"
  }
}
