{
  "title": "Halloween Wedding Suits 2026: Gothic Elegance Without Costumes (Black, Burgundy, Dark Purple + Moody Styling)",
  "slug": "halloween-wedding-suits-2026-gothic-elegance",
  "excerpt": "October 31, 2026 falls on Saturday. Navigate the line between spooky sophistication and costume territory with black, burgundy, and dark purple suits—gothic elegance without the cape.",
  "content_type": "blog_post",
  "category": "Halloween Styling",
  "author": "KCT Style Team",
  "scheduled_date": "2026-10-15",
  "priority": 1,
  "status": "draft",
  "read_time": "12 min read",
  "target_keywords": [
    "Halloween wedding suits men 2026",
    "gothic wedding suit colors",
    "moody fall wedding suits",
    "black wedding suit Halloween",
    "dark purple suit wedding",
    "Halloween wedding attire formal"
  ],
  "tags": [
    "Halloween wedding",
    "gothic wedding",
    "black suits",
    "burgundy suits",
    "purple suits",
    "moody aesthetic",
    "October 31",
    "formal wear",
    "Southwest Michigan"
  ],
  "internal_links": [
    "/suits/black",
    "/suits/burgundy",
    "/suits/purple",
    "/accessories/cufflinks",
    "/services/styling"
  ],
  "word_count": 2600,
  "seo_notes": "Navigates Halloween wedding styling with sophistication. Dress code scenarios help guests understand expectations. Color-by-color breakdown provides actionable guidance. Palette combinations inspire cohesive wedding party looks. Accessory guidance defines costume vs elegant line. Guest guidance addresses common uncertainty. FAQ targets featured snippets for Halloween wedding queries.",
  "image_prompts": {
    "hero": "Gothic elegant wedding scene - groom in black suit with burgundy accents, moody candlelit venue, sophisticated Halloween aesthetic without costumes",
    "black_suit": "Groom in black suit with velvet lapels and subtle skull cufflinks, gothic elegance, dark romantic lighting",
    "burgundy": "Groom in deep burgundy suit with black shirt, moody Halloween wedding venue, candlelight atmosphere",
    "purple": "Fashion-forward groom in deep purple/eggplant suit, gothic romantic aesthetic, sophisticated styling",
    "accessories": "Close-up of sophisticated Halloween accessories - elegant skull cufflinks, dark floral boutonniere, black pocket square",
    "color_palettes": "Four Halloween wedding color palette swatches - Classic Gothic, Elegant Harvest, Moody Romance, Enchanted Forest"
  }
}
