{
  "title": "Fall Wedding Suits in Kalamazoo & Southwest Michigan",
  "slug": "fall-wedding-suits-kalamazoo-southwest-michigan",
  "excerpt": "Find the perfect fall wedding suit in Kalamazoo, Portage, and Southwest Michigan. Local expert fitting, 2026 autumn colors, and venue-specific styling for Michigan weddings.",
  "content_type": "local_seo_blog",
  "category": "Local SEO - Weddings",
  "author": "KCT Style Team",
  "scheduled_date": "2026-10-06",
  "priority": 1,
  "status": "draft",
  "read_time": "8 min read",
  "target_keywords": [
    "fall wedding suits Kalamazoo",
    "wedding suits Southwest Michigan",
    "groom attire Portage MI",
    "autumn wedding menswear Michigan",
    "wedding suit shop Kalamazoo",
    "groomsmen suits Southwest Michigan"
  ],
  "local_keywords": [
    "Kalamazoo wedding suits",
    "Portage menswear",
    "Battle Creek groom attire",
    "St. Joseph wedding formal",
    "Holland MI wedding suits",
    "Grand Rapids groom fitting",
    "South Haven wedding attire",
    "Paw Paw formal wear"
  ],
  "tags": [
    "local SEO",
    "Kalamazoo",
    "Southwest Michigan",
    "fall wedding",
    "wedding suits",
    "Michigan venues",
    "groomsmen coordination"
  ],
  "internal_links": [
    "/suits/fall",
    "/suits/burgundy",
    "/suits/navy",
    "/services/wedding",
    "/appointments",
    "/locations"
  ],
  "local_venues_mentioned": [
    "Henderson Castle",
    "Round Barn Winery",
    "The Foundry",
    "Bay Pointe Inn",
    "Cityscape Events",
    "Lawton Ridge",
    "Fruit Acres Farm"
  ],
  "service_areas": [
    "Kalamazoo",
    "Portage",
    "Battle Creek",
    "St. Joseph",
    "Benton Harbor",
    "Holland",
    "Grand Rapids",
    "South Haven",
    "Paw Paw"
  ],
  "word_count": 1800,
  "local_seo_score": 96,
  "seo_notes": "Comprehensive local SEO targeting for Southwest Michigan fall wedding market. Includes specific venue recommendations, city-by-city service areas with drive times, Michigan weather considerations, and groomsmen coordination for out-of-town parties. Schema markup for LocalBusiness included. FAQ section targets local search queries.",
  "schema_types": ["LocalBusiness", "FAQPage"],
  "image_prompts": {
    "hero": "Groom in burgundy fall wedding suit standing among autumn foliage in Michigan, golden hour lighting, bride partially visible, professional wedding photography, warm autumn colors, outdoor venue with changing leaves",
    "venue": "Elegant fall wedding ceremony setup at Michigan vineyard venue, rows of chairs with fall decorations, warm burgundy and gold color palette, professional event photography",
    "suits": "Three groomsmen in coordinated navy suits with burgundy ties and pocket squares, standing together outdoors with fall foliage background, professional wedding party photography",
    "details": "Flat lay of fall wedding accessories - burgundy tie, cognac leather belt, autumn boutonniere with berries and leaves, gold cufflinks on wooden surface, editorial product photography"
  }
}
