{
  "title": "Plus Size Wedding Suits: Stylish Options for Every Groom",
  "slug": "plus-size-wedding-suits",
  "excerpt": "Plus size wedding suits that fit and flatter. Expert fitting, extended sizes, and styling tips for larger grooms. Look amazing on your wedding day.",
  "content_type": "blog_post",
  "category": "Wedding",
  "author": "KCT Style Team",
  "scheduled_date": "2026-02-20",
  "priority": 1,
  "status": "draft",
  "read_time": "6 min read",
  "word_count": 1500,
  "target_keywords": [
    "plus size wedding suit",
    "big and tall groom",
    "extended size suits",
    "large groom attire",
    "plus size formal wear",
    "big guy wedding suit",
    "flattering wedding suit"
  ],
  "tags": [
    "wedding",
    "plus size",
    "inclusive",
    "fitting",
    "body positive",
    "styling tips"
  ],
  "internal_links": [
    "/collections/wedding-suits",
    "/pages/appointments",
    "/products/m438sk-09",
    "/products/m438sk-07",
    "/products/m448sk-02",
    "/products/m438sk-10"
  ],
  "products_featured": [
    {"handle": "m438sk-09", "name": "Navy Double Breasted Suit", "price": 269},
    {"handle": "m438sk-07", "name": "Burgundy Double Breasted Suit", "price": 269},
    {"handle": "m448sk-02", "name": "Black Velvet Collar Tuxedo", "price": 309},
    {"handle": "m438sk-10", "name": "Royal Blue Double Breasted Suit", "price": 269}
  ],
  "schema_types": ["BlogPosting", "FAQPage", "Product"],
  "image_prompts": {
    "hero": "Confident plus size groom in well-fitted navy double breasted suit, wedding setting, professional photography, genuine smile, flattering angles",
    "fit_comparison": "Before and after fitting - showing transformation from ill-fitting to perfectly tailored suit on larger gentleman",
    "style_tips": "Double breasted suit details showing flattering V-shape construction, peak lapels, clean lines, educational diagram",
    "fitting_session": "Plus size gentleman being professionally fitted for wedding suit, tailor taking measurements, warm supportive atmosphere"
  }
}
