{
  "title": "Prom 2026 Trends: The Hottest Tuxedo Colors for This Year",
  "slug": "prom-2026-trends-colors",
  "excerpt": "Discover the hottest prom tuxedo colors for 2026. From dusty rose to royal blue to velvet, see what's trending and shop the looks.",
  "content_type": "blog_post",
  "category": "Prom 2026",
  "author": "KCT Style Team",
  "scheduled_date": "2026-01-05",
  "priority": 1,
  "status": "draft",
  "read_time": "6 min read",
  "word_count": 1400,
  "target_keywords": [
    "prom tuxedo trends 2026",
    "prom suit colors 2026",
    "trending prom tuxedos",
    "prom fashion 2026",
    "popular prom colors",
    "dusty rose tuxedo",
    "velvet prom tuxedo"
  ],
  "tags": [
    "prom 2026",
    "tuxedo trends",
    "prom colors",
    "fashion trends",
    "formal wear"
  ],
  "internal_links": [
    "/collections/prom-tuxedos",
    "/pages/appointments",
    "/products/m439sk-16b",
    "/products/m438sk-10",
    "/products/m438sk-07",
    "/products/m435sk-04",
    "/products/m448sk-01",
    "/products/m436sk-02"
  ],
  "products_featured": [
    {"handle": "m439sk-16b", "name": "Dusty Rose Tuxedo", "price": 289},
    {"handle": "m438sk-10", "name": "Royal Blue Double Breasted Tuxedo", "price": 269},
    {"handle": "m438sk-07", "name": "Burgundy Double Breasted Tuxedo", "price": 269},
    {"handle": "m435sk-04", "name": "Teal Velvet Chevron Tuxedo", "price": 309},
    {"handle": "m448sk-01", "name": "Mint Green Tuxedo", "price": 309},
    {"handle": "m436sk-02", "name": "Purple Damask Tuxedo", "price": 309}
  ],
  "schema_types": ["BlogPosting", "FAQPage", "Product"],
  "image_prompts": {
    "hero": "Stylish young man in dusty rose tuxedo, prom setting, professional fashion photography, trending colors 2026, warm romantic lighting",
    "trends_grid": "Collection of 2026 trending prom tuxedos - dusty rose, royal blue, velvet teal, burgundy - displayed together, editorial menswear photography",
    "velvet_detail": "Close-up of teal velvet tuxedo fabric showing texture and sheen, macro fashion photography, luxurious feel",
    "color_palette": "2026 prom color palette mood board - dusty rose, royal blue, emerald, burgundy swatches with matching tuxedo images"
  }
}
