{
  "title": "Matching Your Date: Prom Tuxedo Color Coordination Guide",
  "slug": "prom-tuxedo-color-coordination-guide",
  "excerpt": "How to match your prom tuxedo to your date's dress. Complete color coordination guide with tuxedo recommendations for every dress color.",
  "content_type": "blog_post",
  "category": "Prom 2026",
  "author": "KCT Style Team",
  "scheduled_date": "2026-02-11",
  "priority": 1,
  "status": "draft",
  "read_time": "8 min read",
  "word_count": 2000,
  "target_keywords": [
    "prom tuxedo color match",
    "coordinate prom outfit",
    "match tuxedo to dress",
    "prom color coordination",
    "couples prom outfit",
    "matching prom looks",
    "prom tuxedo for date dress"
  ],
  "tags": [
    "prom 2026",
    "color coordination",
    "couples style",
    "matching outfits",
    "prom tips",
    "styling guide"
  ],
  "internal_links": [
    "/collections/prom-tuxedos",
    "/pages/appointments",
    "/products/m439sk-16b",
    "/products/m438sk-09",
    "/products/m438sk-10",
    "/products/m454sk-20",
    "/products/m454sk-14",
    "/products/m435sk-04",
    "/products/m448sk-01",
    "/products/m436sk-02",
    "/products/m448sk-02",
    "/products/m438sk-07",
    "/products/m438sk-06",
    "/products/m431sk-02",
    "/products/m436sk-01",
    "/products/m431sk-01",
    "/products/m438sk-02"
  ],
  "products_featured": [
    {"handle": "m439sk-16b", "name": "Dusty Rose Tuxedo", "price": 289, "pairs_with": "pink/blush dresses"},
    {"handle": "m438sk-09", "name": "Navy Double Breasted", "price": 269, "pairs_with": "pink/blue dresses"},
    {"handle": "m438sk-10", "name": "Royal Blue Double Breasted", "price": 269, "pairs_with": "blue dresses"},
    {"handle": "m454sk-20", "name": "Navy Velvet Sparkle", "price": 359, "pairs_with": "dark blue dresses"},
    {"handle": "m454sk-14", "name": "Emerald Green Velvet Sparkle", "price": 359, "pairs_with": "green dresses"},
    {"handle": "m435sk-04", "name": "Teal Velvet Chevron", "price": 309, "pairs_with": "teal/green dresses"},
    {"handle": "m448sk-01", "name": "Mint Green Tuxedo", "price": 309, "pairs_with": "sage/mint dresses"},
    {"handle": "m436sk-02", "name": "Purple Damask Tuxedo", "price": 309, "pairs_with": "purple dresses"},
    {"handle": "m438sk-07", "name": "Burgundy Double Breasted", "price": 269, "pairs_with": "burgundy/wine dresses"},
    {"handle": "m438sk-06", "name": "Red Double Breasted", "price": 269, "pairs_with": "red dresses"},
    {"handle": "m431sk-02", "name": "Gold Paisley Dinner Jacket", "price": 239, "pairs_with": "gold dresses"},
    {"handle": "m436sk-01", "name": "White & Gold Floral", "price": 309, "pairs_with": "champagne dresses"},
    {"handle": "m431sk-01", "name": "Silver Paisley Dinner Jacket", "price": 239, "pairs_with": "silver dresses"},
    {"handle": "m438sk-02", "name": "Light Gray Double Breasted", "price": 269, "pairs_with": "white/silver dresses"}
  ],
  "schema_types": ["BlogPosting", "FAQPage", "Product"],
  "image_prompts": {
    "hero": "Elegant prom couple - young woman in pink dress and young man in dusty rose tuxedo, coordinated colors, professional prom portrait photography, romantic lighting",
    "color_wheel": "Visual color coordination guide showing dress colors matched with tuxedo colors, infographic style, clean design, color swatches",
    "couples_grid": "Multiple prom couples showing different color coordination - blue/blue, red/burgundy, green/green, etc., professional event photography collage",
    "store_consultation": "Young man being shown tuxedo options by salesperson while holding photo of date's dress, warm store lighting, helpful atmosphere"
  }
}
