{
  "title": "Prom on a Budget: Stylish Tuxedos Under $300",
  "slug": "prom-budget-tuxedos-under-300",
  "excerpt": "Look amazing at prom 2026 without breaking the bank. Shop our collection of stylish tuxedos under $300. Great style doesn't have to cost a fortune.",
  "content_type": "blog_post",
  "category": "Prom 2026",
  "author": "KCT Style Team",
  "scheduled_date": "2026-02-03",
  "priority": 1,
  "status": "draft",
  "read_time": "6 min read",
  "word_count": 1500,
  "target_keywords": [
    "cheap prom tuxedo",
    "affordable prom suit",
    "prom tuxedo under $300",
    "budget prom outfit",
    "inexpensive prom tuxedo",
    "prom suit deals",
    "buy vs rent prom tuxedo"
  ],
  "tags": [
    "prom 2026",
    "budget",
    "affordable",
    "value",
    "smart shopping",
    "buy vs rent"
  ],
  "internal_links": [
    "/collections/prom-tuxedos",
    "/pages/appointments",
    "/products/m431sk-02",
    "/products/m431sk-01",
    "/products/m438sk-10",
    "/products/m438sk-07",
    "/products/m438sk-06",
    "/products/m438sk-09",
    "/products/m438sk-02",
    "/products/m438sk-03",
    "/products/m439sk-16b"
  ],
  "products_featured": [
    {"handle": "m431sk-02", "name": "Gold Paisley Dinner Jacket", "price": 239},
    {"handle": "m431sk-01", "name": "Silver Paisley Dinner Jacket", "price": 239},
    {"handle": "m438sk-10", "name": "Royal Blue Double Breasted", "price": 269},
    {"handle": "m438sk-07", "name": "Burgundy Double Breasted", "price": 269},
    {"handle": "m438sk-06", "name": "Red Double Breasted", "price": 269},
    {"handle": "m438sk-09", "name": "Navy Double Breasted", "price": 269},
    {"handle": "m438sk-02", "name": "Light Gray Double Breasted", "price": 269},
    {"handle": "m438sk-03", "name": "Gold Double Breasted", "price": 269},
    {"handle": "m439sk-16b", "name": "Dusty Rose Tuxedo", "price": 289}
  ],
  "schema_types": ["BlogPosting", "FAQPage", "Product"],
  "image_prompts": {
    "hero": "Young man in stylish gold paisley dinner jacket, looking confident, price tag or money symbol graphic element, professional fashion photography with value messaging",
    "value_comparison": "Side by side comparison - rental tuxedo returning on one side, owned tuxedo being worn to multiple events on other side, infographic style",
    "product_grid": "Collection of budget-friendly tuxedos under $300 - paisley jackets, double breasted styles in various colors, studio lighting, editorial menswear photography",
    "smart_shopping": "Young man being fitted for tuxedo at store, professional tailor, warm inviting store atmosphere, emphasizing personal service"
  }
}
