{
  "title": "Best Suit Fabrics for September Weddings 2026: Tropical Wool vs. Cotton vs. Linen Blends (Temperature Guide + Breathability Science)",
  "slug": "september-wedding-suit-fabrics-2026-guide",
  "excerpt": "September's fabric paradox: early month requires summer-weight breathable fabrics while late month permits medium-weight fall wools. Here's the precise temperature-to-fabric matching guide for September 2026.",
  "content_type": "blog_post",
  "category": "Fabric Authority",
  "author": "KCT Style Team",
  "scheduled_date": "2026-09-15",
  "priority": 1,
  "status": "draft",
  "read_time": "14 min read",
  "target_keywords": [
    "September wedding suit fabrics",
    "tropical wool September wedding",
    "breathable suit early fall",
    "linen blend vs cotton suit",
    "best fabric September wedding",
    "lightweight fall suit fabrics",
    "when to stop wearing linen"
  ],
  "tags": [
    "suit fabrics",
    "tropical wool",
    "linen blends",
    "cotton suits",
    "four-season wool",
    "breathability",
    "September wedding",
    "fabric weight",
    "Southwest Michigan"
  ],
  "internal_links": [
    "/suits/tropical-wool",
    "/suits/linen-blend",
    "/suits/four-season",
    "/services/tailoring",
    "/services/styling"
  ],
  "word_count": 3000,
  "seo_notes": "Comprehensive fabric education addresses September's unique transitional challenge. Temperature-to-fabric chart provides actionable guidance. Fabric rankings by versatility help buyers make informed decisions. Breathability science adds authoritative depth. Construction features educate on half-lined/unlined options. Regional variations acknowledge different climates. FAQ targets featured snippets for fabric queries.",
  "image_prompts": {
    "hero": "Fabric swatch display showing tropical wool, linen-cotton blend, and four-season wool side by side with texture detail visible, temperature icons indicating appropriate ranges",
    "tropical_wool": "Close-up of tropical weight wool fabric showing open weave structure, natural light highlighting breathability, elegant drape",
    "linen_blend": "Linen-cotton blend suit in natural lighting showing relaxed texture, appropriate rumpling, summer wedding context",
    "temperature_chart": "Infographic showing September week-by-week temperature ranges matched to appropriate fabric weights and types",
    "construction": "Cross-section or cutaway illustration showing half-lined jacket construction, breathable features highlighted",
    "avoid_list": "Visual showing inappropriate September fabrics (flannel, tweed, velvet, seersucker) with X marks and temperature warnings"
  }
}
