{
  "title": "September Wedding Suit Colors 2026: When to Abandon Summer & Embrace Fall (Burgundy, Olive, Sage + Transitional Timing Guide)",
  "slug": "september-wedding-suit-colors-2026-transition-guide",
  "excerpt": "September spans two seasons in 30 days. Early September still feels like summer, while late September delivers genuine fall. Here's the week-by-week breakdown of when each color becomes appropriate—and when summer colors expire.",
  "content_type": "blog_post",
  "category": "Color & Transition Guide",
  "author": "KCT Style Team",
  "scheduled_date": "2026-09-08",
  "priority": 1,
  "status": "draft",
  "read_time": "12 min read",
  "target_keywords": [
    "September wedding suit colors 2026",
    "early fall wedding suit colors",
    "summer to fall transitional suit",
    "burgundy suit September wedding",
    "when to wear fall colors September",
    "September color timeline wedding",
    "when to stop wearing summer colors"
  ],
  "tags": [
    "September wedding",
    "color transition",
    "burgundy suits",
    "sage green",
    "olive green",
    "seasonal timing",
    "fall colors",
    "summer colors",
    "Southwest Michigan"
  ],
  "internal_links": [
    "/suits/burgundy",
    "/suits/sage-green",
    "/suits/olive",
    "/suits/navy",
    "/suits/charcoal"
  ],
  "word_count": 2800,
  "seo_notes": "Comprehensive week-by-week color timeline addresses September's unique seasonal paradox. Color rankings by versatility provide actionable guidance. Regional variations acknowledge different climates. Summer color expiration dates create urgency. Photography considerations add professional depth. FAQ targets featured snippets for seasonal color queries.",
  "image_prompts": {
    "hero": "September color transition visual - summer colors fading into fall tones, gradient from light pastels to deep burgundy and olive, seasonal shift aesthetic",
    "timeline": "Four-panel September week-by-week color timeline infographic - Week 1 summer colors, Week 2 transitional, Week 3 fall emerging, Week 4 full fall",
    "burgundy": "Groom in burgundy suit photographed in both bright September sun and golden hour fall light - showing versatility across month",
    "sage_green": "Wedding party in sage green suits at outdoor September venue - greenery still visible, hint of autumn in background",
    "color_expiration": "Split image showing appropriate vs inappropriate suit colors for late September - light gray dated, burgundy perfect",
    "regional": "Map graphic showing September color timing across US regions - earlier fall colors in Northeast/Mountain, later in Southeast/Southwest"
  }
}
