{
  "title": "October Wedding Suits 2026: Tweed, Velvet & Peak Fall Colors Preview (September Shopping Deadline for October Ceremonies)",
  "slug": "october-wedding-suits-2026-preview-guide",
  "excerpt": "Late September is your final shopping window for October weddings. Preview October's signature fabrics—tweed, flannel, velvet—plus peak fall colors and the premium 10/10/26 numerological date.",
  "content_type": "blog_post",
  "category": "October Preview",
  "author": "KCT Style Team",
  "scheduled_date": "2026-09-29",
  "priority": 1,
  "status": "draft",
  "read_time": "10 min read",
  "target_keywords": [
    "October wedding suits 2026",
    "October wedding shopping deadline",
    "tweed suits October wedding",
    "velvet suits fall 2026",
    "peak fall wedding colors",
    "10/10/26 wedding suits",
    "fall foliage wedding"
  ],
  "tags": [
    "October wedding",
    "fall wedding",
    "tweed suits",
    "flannel suits",
    "velvet preview",
    "fall colors",
    "10/10/26",
    "Halloween wedding",
    "Southwest Michigan"
  ],
  "internal_links": [
    "/suits/tweed",
    "/suits/flannel",
    "/suits/burgundy",
    "/suits/fall",
    "/services/alterations"
  ],
  "word_count": 2200,
  "seo_notes": "Forward-looking urgency captures late September shoppers planning October weddings. Timeline reality creates action urgency. Fabric preview (tweed, flannel, velvet) educates on October-appropriate choices too heavy for September. Color shift explanation helps buyers understand deeper October palette. 10/10/26 numerological date captures specific search traffic. Halloween Saturday addresses unique opportunity. Shopping checklist provides actionable steps. FAQ targets featured snippets for October wedding queries.",
  "image_prompts": {
    "hero": "October wedding aesthetic - groom in tweed suit at peak foliage outdoor ceremony, golden fall light, rich autumn colors visible",
    "timeline": "Calendar graphic showing September 30 deadline with October wedding dates highlighted, urgency visual",
    "tweed": "Close-up of tweed fabric texture showing multi-colored flecked pattern, rustic elegance aesthetic",
    "flannel": "Flannel suit in charcoal or navy showing brushed texture, sophisticated fall look",
    "colors": "October color palette display - deep burgundy, chocolate brown, forest green, rust - against fall foliage backdrop",
    "10_10_26": "10/10/26 date card or wedding invitation design with premium aesthetic, numerological significance visual"
  }
}
