{
  "title": "Labor Day Weekend Wedding Complete Guide 2026: Multi-Day Celebration Outfit Strategy",
  "slug": "labor-day-weekend-wedding-guide-2026",
  "excerpt": "Labor Day weekend weddings mean multi-day celebrations at peak travel time. Here's the complete outfit strategy for Friday through Monday—from rehearsal dinner to farewell brunch.",
  "content_type": "blog_post",
  "category": "Wedding Weekend Guide",
  "author": "KCT Style Team",
  "scheduled_date": "2026-09-01",
  "priority": 1,
  "status": "draft",
  "read_time": "15 min read",
  "target_keywords": [
    "Labor Day weekend wedding 2026",
    "Labor Day wedding guest outfit",
    "multi-day wedding celebration outfits",
    "September long weekend wedding",
    "holiday weekend wedding attire",
    "Labor Day wedding packing list",
    "four-day wedding celebration"
  ],
  "tags": [
    "Labor Day",
    "holiday weekend",
    "multi-day wedding",
    "September wedding",
    "wedding guest",
    "packing strategy",
    "travel tips",
    "late summer style",
    "Southwest Michigan"
  ],
  "internal_links": [
    "/suits/navy",
    "/suits/tan",
    "/blazers",
    "/accessories/ties",
    "/services/styling"
  ],
  "word_count": 3000,
  "seo_notes": "Comprehensive guide for Labor Day weekend weddings captures peak seasonal search traffic. Four-day breakdown provides unique value vs single-outfit guides. Packing checklist addresses practical needs. Travel strategy acknowledges holiday congestion reality. Late summer color and fabric guidance bridges seasonal transition.",
  "image_prompts": {
    "hero": "Labor Day weekend wedding celebration montage - outdoor ceremony, lakeside cocktail hour, elegant reception, Sunday brunch - late summer Michigan atmosphere",
    "friday": "Man in smart casual Friday outfit - unstructured blazer, chinos, no tie - arriving at resort or venue for rehearsal dinner",
    "saturday": "Groom and groomsmen in coordinated suits at outdoor September ceremony - golden hour light, late summer greenery",
    "sunday": "Wedding guests at casual Sunday farewell brunch - linen shirts, casual blazers, resort atmosphere",
    "monday": "Man in comfortable travel outfit departing wedding weekend - well-organized garment bag, relaxed but polished look",
    "packing": "Organized packing flat lay for four-day wedding weekend - suits, shirts, accessories, shoes systematically arranged",
    "travel": "Garment bag and overnight bag organized for multi-day wedding travel, premium travel accessories visible"
  }
}
