{
  "title": "Burgundy Suits for Fall Weddings 2026: The Ultimate September-October Color (Styling, Formality & Why It's THE Transitional Shade)",
  "slug": "burgundy-suits-fall-weddings-2026-complete-guide",
  "excerpt": "Burgundy is THE transitional fall color for September-October 2026. Complete authority guide covering styling approaches, formality assessment, black vs brown shoes, groomsmen coordination, and photography advantages.",
  "content_type": "blog_post",
  "category": "Color Authority",
  "author": "KCT Style Team",
  "scheduled_date": "2026-09-22",
  "priority": 1,
  "status": "draft",
  "read_time": "13 min read",
  "target_keywords": [
    "burgundy suits fall weddings 2026",
    "burgundy wedding suit men",
    "burgundy vs maroon suit difference",
    "burgundy suit styling",
    "burgundy groomsmen suits coordination",
    "burgundy suit formal wedding",
    "burgundy suit black or brown shoes"
  ],
  "tags": [
    "burgundy suits",
    "fall weddings",
    "color authority",
    "September wedding",
    "October wedding",
    "styling guide",
    "groomsmen coordination",
    "formal wear",
    "Southwest Michigan"
  ],
  "internal_links": [
    "/suits/burgundy",
    "/suits/fall",
    "/accessories/ties",
    "/accessories/shoes",
    "/services/styling"
  ],
  "word_count": 2900,
  "seo_notes": "Comprehensive burgundy authority establishes KCT as the definitive fall color resource. Color comparison (burgundy vs maroon vs wine) addresses common confusion. Four styling approaches provide actionable guidance for different aesthetics. Formality assessment helps buyers understand appropriateness. Black vs brown shoes debate provides definitive answer. Groomsmen coordination strategies address wedding party planning. Investment value analysis supports purchase decision. Photography advantages add professional depth. FAQ targets featured snippets for burgundy queries.",
  "image_prompts": {
    "hero": "Groom in burgundy suit at fall outdoor wedding, golden hour light, autumn foliage visible in background, sophisticated styling",
    "color_comparison": "Side-by-side fabric swatches showing burgundy, maroon, wine, and deep red with labeled undertones",
    "styling_classic": "Burgundy suit styled formally - white shirt, black tie, black shoes - high-contrast elegant look",
    "styling_autumn": "Burgundy suit styled warm - cream shirt, rust tie, brown shoes - full autumn aesthetic",
    "shoes_comparison": "Split image showing burgundy suit with black shoes vs brown shoes, different venue contexts",
    "groomsmen": "Wedding party coordination - groom in burgundy, groomsmen in complementary fall colors (olive, brown, charcoal)",
    "photography": "Before/after or split image showing how burgundy photographs in different lighting - golden hour vs indoor"
  }
}
