{
  "title": "Suit Fit Guide: How a Suit Should Actually Fit",
  "slug": "suit-fit-guide-men",
  "excerpt": "Complete suit fit guide. Learn how a suit jacket and trousers should fit, common mistakes to avoid, and when alterations are needed.",
  "content_type": "blog_post",
  "category": "Style Guide",
  "author": "KCT Style Team",
  "scheduled_date": "2026-03-16",
  "priority": 1,
  "status": "draft",
  "read_time": "8 min read",
  "word_count": 1800,
  "target_keywords": [
    "suit fit guide",
    "how suit should fit",
    "suit fitting tips",
    "suit alterations",
    "proper suit fit",
    "suit sizing"
  ],
  "tags": [
    "fit guide",
    "suit fitting",
    "alterations",
    "menswear basics",
    "style education",
    "how-to"
  ],
  "internal_links": [
    "/collections/suits",
    "/pages/appointments"
  ],
  "products_featured": [],
  "schema_types": ["BlogPosting", "FAQPage", "HowTo"],
  "image_prompts": {
    "hero": "Man being fitted for suit by tailor, measuring tape, professional fitting room",
    "shoulder_fit": "Side-by-side comparison of correct vs incorrect shoulder fit on suit jacket",
    "sleeve_length": "Close-up showing proper shirt cuff visible past jacket sleeve",
    "trouser_break": "Three examples of trouser break - no break, half break, full break - on same model"
  }
}
