{
  "title": "Summer Wedding Suits: Lightweight & Breathable Options",
  "slug": "summer-wedding-lightweight-suits",
  "excerpt": "Stay cool at your summer wedding. Shop lightweight suits, linen blends, and breathable fabrics perfect for outdoor ceremonies.",
  "content_type": "blog_post",
  "category": "Wedding",
  "author": "KCT Style Team",
  "scheduled_date": "2026-02-05",
  "priority": 1,
  "status": "draft",
  "read_time": "6 min read",
  "word_count": 1400,
  "target_keywords": [
    "summer wedding suit",
    "lightweight groom suit",
    "linen wedding suit",
    "outdoor wedding attire",
    "tan wedding suit",
    "light gray wedding suit",
    "breathable wedding suit"
  ],
  "tags": [
    "wedding",
    "summer",
    "lightweight",
    "outdoor wedding",
    "groom",
    "hot weather"
  ],
  "internal_links": [
    "/collections/wedding-suits",
    "/pages/appointments",
    "/products/m438sk-02",
    "/products/m438sk-03",
    "/products/m448sk-01",
    "/products/m439sk-16b",
    "/products/m431sk-01",
    "/products/m436sk-01"
  ],
  "products_featured": [
    {"handle": "m438sk-02", "name": "Light Gray Double Breasted Suit", "price": 269},
    {"handle": "m438sk-03", "name": "Gold Double Breasted Suit", "price": 269},
    {"handle": "m448sk-01", "name": "Mint Green Summer Suit", "price": 309},
    {"handle": "m439sk-16b", "name": "Dusty Rose Summer Suit", "price": 289},
    {"handle": "m431sk-01", "name": "Silver Paisley Dinner Jacket", "price": 239},
    {"handle": "m436sk-01", "name": "White & Gold Floral Jacket", "price": 309}
  ],
  "schema_types": ["BlogPosting", "FAQPage", "Product"],
  "image_prompts": {
    "hero": "Groom in light gray suit at outdoor summer wedding, golden hour lighting, garden venue, flowers in background, professional wedding photography",
    "light_colors": "Collection of summer wedding suits - light gray, champagne, mint green, dusty rose - displayed in bright natural lighting",
    "outdoor_ceremony": "Wedding ceremony outdoors in summer, groom in lightweight tan suit, guests with fans, beautiful garden setting",
    "reception": "Groom at summer reception with jacket off, suspenders and rolled sleeves, dancing, casual elegance"
  }
}
