{
  "title": "Velvet Tuxedos: The Luxe Prom Trend Taking Over 2026",
  "slug": "velvet-tuxedos-prom-2026",
  "excerpt": "Velvet tuxedos are THE prom trend for 2026. Discover our collection of luxurious velvet prom tuxedos in teal, navy, emerald, burgundy and more.",
  "content_type": "blog_post",
  "category": "Prom 2026",
  "author": "KCT Style Team",
  "scheduled_date": "2026-01-12",
  "priority": 1,
  "status": "draft",
  "read_time": "6 min read",
  "word_count": 1400,
  "target_keywords": [
    "velvet tuxedo prom",
    "velvet prom suit 2026",
    "luxury prom tuxedo",
    "velvet jacket prom",
    "emerald velvet tuxedo",
    "navy velvet prom suit",
    "burgundy velvet tuxedo",
    "sparkle tuxedo prom"
  ],
  "tags": [
    "prom 2026",
    "velvet tuxedos",
    "luxury prom",
    "sparkle tuxedo",
    "prom trends",
    "formal wear"
  ],
  "internal_links": [
    "/collections/prom-tuxedos",
    "/pages/appointments",
    "/products/m435sk-04",
    "/products/m435sk-06",
    "/products/m454sk-14",
    "/products/m454sk-19",
    "/products/m454sk-20",
    "/products/m454sk-17",
    "/products/m448sk-02"
  ],
  "products_featured": [
    {"handle": "m435sk-04", "name": "Teal Velvet Chevron Tuxedo", "price": 309},
    {"handle": "m435sk-06", "name": "Navy Velvet Chevron Tuxedo", "price": 309},
    {"handle": "m454sk-14", "name": "Emerald Green Velvet Sparkle Tuxedo", "price": 359},
    {"handle": "m454sk-19", "name": "Black Velvet Sparkle Tuxedo", "price": 359},
    {"handle": "m454sk-20", "name": "Navy Velvet Sparkle Tuxedo", "price": 359},
    {"handle": "m454sk-17", "name": "Burgundy Velvet Sparkle Tuxedo", "price": 359},
    {"handle": "m448sk-02", "name": "Black Velvet Collar Tuxedo", "price": 309}
  ],
  "schema_types": ["BlogPosting", "FAQPage", "Product"],
  "image_prompts": {
    "hero": "Luxurious emerald green velvet tuxedo on young man, dramatic lighting highlighting velvet texture, prom formal setting, professional fashion photography, rich jewel tone colors",
    "product_grid": "Collection of velvet tuxedos displayed together - teal, navy, emerald, burgundy - showing various textures and finishes, studio lighting, editorial menswear photography",
    "sparkle_detail": "Close-up of navy velvet sparkle tuxedo fabric catching light, showing subtle metallic threads, macro fashion photography, dramatic lighting",
    "styling": "Young man in burgundy velvet tuxedo with simple white shirt and black bow tie, styled minimally, professional portrait photography, clean background"
  }
}
