{
  "title": "Versatile Business Suits: From Boardroom to Happy Hour",
  "slug": "versatile-business-suits",
  "excerpt": "Business suits that work for any occasion. Learn how to transition your look from formal meetings to after-work events with the right versatile pieces.",
  "content_type": "blog_post",
  "category": "Business Professional",
  "author": "KCT Style Team",
  "scheduled_date": "2026-02-27",
  "priority": 1,
  "status": "draft",
  "read_time": "6 min read",
  "word_count": 1400,
  "target_keywords": [
    "versatile suits",
    "business casual",
    "day to night suits",
    "multi-occasion suits",
    "flexible business attire",
    "work to dinner outfit",
    "office to evening"
  ],
  "tags": [
    "versatile",
    "business casual",
    "professional",
    "day to night",
    "office style",
    "flexible wardrobe"
  ],
  "internal_links": [
    "/collections/suits",
    "/pages/appointments",
    "/products/m438sk-09",
    "/products/m438sk-02",
    "/products/m435sk-04",
    "/products/m438sk-07"
  ],
  "products_featured": [
    {"handle": "m438sk-09", "name": "Navy Double Breasted Suit", "price": 269},
    {"handle": "m438sk-02", "name": "Light Gray Double Breasted Suit", "price": 269},
    {"handle": "m435sk-04", "name": "Teal Velvet Chevron Suit", "price": 309},
    {"handle": "m438sk-07", "name": "Burgundy Double Breasted Suit", "price": 269}
  ],
  "schema_types": ["BlogPosting", "FAQPage", "Product"],
  "image_prompts": {
    "hero": "Professional man in navy suit at happy hour bar setting, transitional business casual look, after work networking",
    "day_look": "Man in full suit with tie at office desk, morning formal business meeting atmosphere",
    "evening_look": "Same suit no tie at upscale bar, evening networking event, relaxed professional",
    "transition": "Split image showing morning formal look versus evening casual look, same navy suit styled differently"
  }
}
