{
  "title": "Winter Wedding Suits: Velvet, Rich Colors & Holiday Elegance",
  "slug": "winter-wedding-velvet-rich-colors",
  "excerpt": "Winter wedding suits in luxurious velvet and rich colors. Black, navy, burgundy, and emerald options for cold-weather ceremonies.",
  "content_type": "blog_post",
  "category": "Wedding",
  "author": "KCT Style Team",
  "scheduled_date": "2026-02-12",
  "priority": 1,
  "status": "draft",
  "read_time": "7 min read",
  "word_count": 1600,
  "target_keywords": [
    "winter wedding suit",
    "velvet wedding suit",
    "holiday wedding attire",
    "December wedding groom",
    "cold weather wedding suit",
    "velvet tuxedo wedding",
    "jewel tone wedding"
  ],
  "tags": [
    "wedding",
    "winter",
    "velvet",
    "holiday",
    "luxury",
    "formal"
  ],
  "internal_links": [
    "/collections/wedding-suits",
    "/pages/appointments",
    "/products/m454sk-19",
    "/products/m454sk-20",
    "/products/m454sk-17",
    "/products/m454sk-14",
    "/products/m435sk-06",
    "/products/m435sk-04",
    "/products/m448sk-02",
    "/products/m436sk-02"
  ],
  "products_featured": [
    {"handle": "m454sk-19", "name": "Black Velvet Sparkle Tuxedo", "price": 359},
    {"handle": "m454sk-20", "name": "Navy Velvet Sparkle Tuxedo", "price": 359},
    {"handle": "m454sk-17", "name": "Burgundy Velvet Sparkle Tuxedo", "price": 359},
    {"handle": "m454sk-14", "name": "Emerald Green Velvet Sparkle Tuxedo", "price": 359},
    {"handle": "m435sk-06", "name": "Navy Velvet Chevron Suit", "price": 309},
    {"handle": "m435sk-04", "name": "Teal Velvet Chevron Suit", "price": 309},
    {"handle": "m448sk-02", "name": "Black Velvet Collar Tuxedo", "price": 309},
    {"handle": "m436sk-02", "name": "Purple Damask Tuxedo", "price": 309}
  ],
  "schema_types": ["BlogPosting", "FAQPage", "Product"],
  "image_prompts": {
    "hero": "Groom in navy velvet sparkle tuxedo, winter wedding venue with candlelight and holiday decorations, romantic atmosphere, professional wedding photography",
    "velvet_collection": "Four velvet sparkle tuxedos - black, navy, burgundy, emerald - displayed together with winter holiday decor, dramatic lighting",
    "candlelight": "Close-up of velvet fabric catching candlelight, showing sparkle finish and texture, macro wedding detail photography",
    "winter_ceremony": "Winter wedding ceremony with snow visible through windows, groom in burgundy velvet, holiday elegance, professional event photography"
  }
}
