Day,Start Hour,Impressions
Sunday,12 AM,192
Sunday,1 AM,89
Sunday,2 AM,"114,337"
Sunday,3 AM,132
Sunday,4 AM,268
Sunday,5 AM,216
Sunday,6 AM,416
Sunday,7 AM,584
Sunday,8 AM,911
Sunday,9 AM,862
Sunday,10 AM,951
Sunday,11 AM,"1,399"
Sunday,12 PM,"1,351"
Sunday,1 PM,"1,332"
Sunday,2 PM,"1,075"
Sunday,3 PM,791
Sunday,4 PM,769
Sunday,5 PM,"1,015"
Sunday,6 PM,585
Sunday,7 PM,318
Sunday,8 PM,336
Sunday,9 PM,98
Sunday,10 PM,82
Sunday,11 PM,78
Monday,12 AM,125
Monday,1 AM,140
Monday,2 AM,"112,898"
Monday,3 AM,183
Monday,4 AM,281
Monday,5 AM,316
Monday,6 AM,552
Monday,7 AM,442
Monday,8 AM,544
Monday,9 AM,534
Monday,10 AM,720
Monday,11 AM,"1,231"
Monday,12 PM,"1,138"
Monday,1 PM,"1,641"
Monday,2 PM,866
Monday,3 PM,709
Monday,4 PM,298
Monday,5 PM,144
Monday,6 PM,207
Monday,7 PM,497
Monday,8 PM,438
Monday,9 PM,60
Monday,10 PM,49
Monday,11 PM,38
Tuesday,12 AM,181
Tuesday,1 AM,172
Tuesday,2 AM,"102,350"
Tuesday,3 AM,157
Tuesday,4 AM,258
Tuesday,5 AM,286
Tuesday,6 AM,527
Tuesday,7 AM,502
Tuesday,8 AM,691
Tuesday,9 AM,730
Tuesday,10 AM,925
Tuesday,11 AM,993
Tuesday,12 PM,781
Tuesday,1 PM,961
Tuesday,2 PM,701
Tuesday,3 PM,474
Tuesday,4 PM,441
Tuesday,5 PM,631
Tuesday,6 PM,246
Tuesday,7 PM,98
Tuesday,8 PM,114
Tuesday,9 PM,17
Tuesday,10 PM,13
Tuesday,11 PM,17
Wednesday,12 AM,114
Wednesday,1 AM,140
Wednesday,2 AM,"115,892"
Wednesday,3 AM,135
Wednesday,4 AM,202
Wednesday,5 AM,455
Wednesday,6 AM,439
Wednesday,7 AM,644
Wednesday,8 AM,448
Wednesday,9 AM,897
Wednesday,10 AM,"1,001"
Wednesday,11 AM,886
Wednesday,12 PM,"1,141"
Wednesday,1 PM,"1,248"
Wednesday,2 PM,988
Wednesday,3 PM,394
Wednesday,4 PM,378
Wednesday,5 PM,378
Wednesday,6 PM,420
Wednesday,7 PM,357
Wednesday,8 PM,195
Wednesday,9 PM,70
Wednesday,10 PM,8
Wednesday,11 PM,22
Thursday,12 AM,79
Thursday,1 AM,106
Thursday,2 AM,"123,085"
Thursday,3 AM,201
Thursday,4 AM,356
Thursday,5 AM,559
Thursday,6 AM,669
Thursday,7 AM,794
Thursday,8 AM,"1,116"
Thursday,9 AM,725
Thursday,10 AM,837
Thursday,11 AM,"1,054"
Thursday,12 PM,868
Thursday,1 PM,"1,198"
Thursday,2 PM,"1,013"
Thursday,3 PM,747
Thursday,4 PM,774
Thursday,5 PM,697
Thursday,6 PM,435
Thursday,7 PM,638
Thursday,8 PM,493
Thursday,9 PM,263
Thursday,10 PM,89
Thursday,11 PM,30
Friday,12 AM,171
Friday,1 AM,96
Friday,2 AM,"131,646"
Friday,3 AM,194
Friday,4 AM,312
Friday,5 AM,535
Friday,6 AM,850
Friday,7 AM,"1,008"
Friday,8 AM,"1,134"
Friday,9 AM,952
Friday,10 AM,946
Friday,11 AM,962
Friday,12 PM,"1,377"
Friday,1 PM,"1,491"
Friday,2 PM,"1,042"
Friday,3 PM,"1,156"
Friday,4 PM,895
Friday,5 PM,604
Friday,6 PM,544
Friday,7 PM,676
Friday,8 PM,581
Friday,9 PM,56
Friday,10 PM,28
Friday,11 PM,90
Saturday,12 AM,133
Saturday,1 AM,62
Saturday,2 AM,"105,852"
Saturday,3 AM,125
Saturday,4 AM,196
Saturday,5 AM,421
Saturday,6 AM,856
Saturday,7 AM,923
Saturday,8 AM,974
Saturday,9 AM,"1,164"
Saturday,10 AM,969
Saturday,11 AM,"1,196"
Saturday,12 PM,"2,882"
Saturday,1 PM,476
Saturday,2 PM,451
Saturday,3 PM,438
Saturday,4 PM,397
Saturday,5 PM,538
Saturday,6 PM,644
Saturday,7 PM,486
Saturday,8 PM,489
Saturday,9 PM,138
Saturday,10 PM,75
Saturday,11 PM,54
