Device report
"January 1, 2026 - January 28, 2026"
Device,Level,Campaign,Ad group,Bid adj.,Ad group bid adj.,Currency code,TrueView avg. CPV,Avg. CPM,Impr.,Interactions,Interaction rate,Avg. cost,Cost,Conv. rate,Conversions,Cost / conv.
Computers,Campaign,kct2, --, --,None,USD,0,0,0,0, --,0,0.00,0.00%,0.00,0.00
Mobile phones,Campaign,kct2, --, --,None,USD,0,0,0,0, --,0,0.00,0.00%,0.00,0.00
Tablets,Campaign,kct2, --, --,None,USD,0,0,0,0, --,0,0.00,0.00%,0.00,0.00
Tablets,Campaign,Shopping Campaign (14/3/22), --, --,None,USD,0,0,0,0, --,0,0.00,0.00%,0.00,0.00
Tablets,Campaign,kctmenswear (Shopping Campaign), --, --,None,USD,0,0,0,0, --,0,0.00,0.00%,0.00,0.00
Mobile phones,Campaign,kctmenswear (Shopping Campaign), --, --,None,USD,0,0,0,0, --,0,0.00,0.00%,0.00,0.00
Computers,Campaign,Wedding Suits, --, --,None,USD,0,0,0,0, --,0,0.00,0.00%,0.00,0.00
Mobile phones,Campaign,Wedding Suits, --, --,None,USD,0,0,0,0, --,0,0.00,0.00%,0.00,0.00
Computers,Campaign,kctmenswear (Shopping Campaign), --, --,None,USD,0,0,0,0, --,0,0.00,0.00%,0.00,0.00
Computers,Campaign,Shopping Campaign (14/3/22), --, --,None,USD,0,0,0,0, --,0,0.00,0.00%,0.00,0.00
Mobile phones,Campaign,Shopping Campaign (14/3/22), --, --,None,USD,0,0,0,0, --,0,0.00,0.00%,0.00,0.00
Tablets,Campaign,Wedding Suits, --, --,None,USD,0,0,0,0, --,0,0.00,0.00%,0.00,0.00
TV screens,Campaign,Performance Max-12, --, --,None,USD,0,0,0,0, --,0,0.00,0.00%,0.00,0.00
TV screens,Campaign,kctmenswear (Performance Max_Weeding), --, --,None,USD,0,0,0,0, --,0,0.00,0.00%,0.00,0.00
TV screens,Campaign,PMax: KCT Menswear (Competitors' SItes), --, --,None,USD,0,0,0,0, --,0,0.00,0.00%,0.00,0.00
Tablets,Campaign,kctmenswear (Performance Max_Weeding), --, --,None,USD,0,0,0,0, --,0,0.00,0.00%,0.00,0.00
Tablets,Campaign,PMax: KCT Menswear (Competitors' SItes), --, --,None,USD,0,0,0,0, --,0,0.00,0.00%,0.00,0.00
Computers,Campaign,Performance Max-12, --, --,None,USD,0,0,0,0, --,0,0.00,0.00%,0.00,0.00
Computers,Campaign,PMax: KCT Menswear (Competitors' SItes), --, --,None,USD,0,0,0,0, --,0,0.00,0.00%,0.00,0.00
Mobile phones,Campaign,Performance Max-12, --, --,None,USD,0,0,0,0, --,0,0.00,0.00%,0.00,0.00
Mobile phones,Campaign,kctmenswear (Performance Max_Weeding), --, --,None,USD,0,0,0,0, --,0,0.00,0.00%,0.00,0.00
Tablets,Campaign,Performance Max-12, --, --,None,USD,0,0,0,0, --,0,0.00,0.00%,0.00,0.00
Mobile phones,Campaign,PMax: KCT Menswear (Competitors' SItes), --, --,None,USD,0,0,0,0, --,0,0.00,0.00%,0.00,0.00
Computers,Campaign,kctmenswear (Performance Max_Weeding), --, --,None,USD,0,0,0,0, --,0,0.00,0.00%,0.00,0.00
Mobile phones,Campaign,KCT Menswear, --, --,None,USD,0,0,0,0, --,0,0.00,0.00%,0.00,0.00
TV screens,Campaign,KCT Menswear, --, --,None,USD,0,0,0,0, --,0,0.00,0.00%,0.00,0.00
Computers,Campaign,KCT Menswear, --, --,None,USD,0,0,0,0, --,0,0.00,0.00%,0.00,0.00
Tablets,Campaign,KCT Menswear, --, --,None,USD,0,0,0,0, --,0,0.00,0.00%,0.00,0.00
Mobile phones,Campaign,PMax: KCT Menswear (Maps Campaign) #2, --, --,None,USD,0,0,0,0, --,0,0.00,0.00%,0.00,0.00
TV screens,Campaign,PMax: KCT Menswear (Maps Campaign) #2, --, --,None,USD,0,0,0,0, --,0,0.00,0.00%,0.00,0.00
Computers,Campaign,PMax: KCT Menswear (Maps Campaign) #2, --, --,None,USD,0,0,0,0, --,0,0.00,0.00%,0.00,0.00
Tablets,Campaign,PMax: KCT Menswear (Maps Campaign) #2, --, --,None,USD,0,0,0,0, --,0,0.00,0.00%,0.00,0.00
Mobile phones,Campaign,Prom (Local_P.max), --, --,None,USD,0,0,0,0, --,0,0.00,0.00%,0.00,0.00
Tablets,Campaign,Prom (Local_P.max), --, --,None,USD,0,0,0,0, --,0,0.00,0.00%,0.00,0.00
TV screens,Campaign,Prom (Local_P.max), --, --,None,USD,0,0,0,0, --,0,0.00,0.00%,0.00,0.00
Computers,Campaign,Prom (Local_P.max), --, --,None,USD,0,0,0,0, --,0,0.00,0.00%,0.00,0.00
Computers,Campaign,kct1, --, --,None,USD,0,0,0,0, --,0,0.00,0.00%,0.00,0.00
Mobile phones,Campaign,kct1, --, --,None,USD,0,0,0,0, --,0,0.00,0.00%,0.00,0.00
Tablets,Campaign,kct1, --, --,None,USD,0,0,0,0, --,0,0.00,0.00%,0.00,0.00
Tablets,Campaign,Prom_Shopping_Campaign, --, --,None,USD,0,10.12,252,3,1.19%,0.85,2.55,0.00%,0.00,0.00
Mobile phones,Campaign,Prom_Shopping_Campaign, --, --,None,USD,0,11.08,"23,258",210,0.90%,1.23,257.63,0.00%,0.00,0.00
Computers,Campaign,Prom_Shopping_Campaign, --, --,None,USD,0,5.86,"2,583",12,0.46%,1.26,15.14,0.00%,0.00,0.00
Tablets,Campaign,PMax: KCT Menswear (Maps Campaign), --, --,None,USD,0.006,0.28,"117,588","1,936",1.65%,0.02,32.78,0.00%,0.00,0.00
Mobile phones,Campaign,PMax: KCT Menswear (Maps Campaign), --, --,None,USD,0.017,0.87,"592,211","12,260",2.07%,0.04,517.86,0.00%,2.00,258.93
Computers,Campaign,PMax: KCT Menswear (Maps Campaign) #3, --, --,None,USD,0,0,0,0, --,0,0.00,0.00%,0.00,0.00
TV screens,Campaign,PMax: KCT Menswear (Maps Campaign) #3, --, --,None,USD,0,0,0,0, --,0,0.00,0.00%,0.00,0.00
Computers,Campaign,PMax: KCT Menswear (Maps Campaign), --, --,None,USD,0.006,1.42,"28,957","3,408",11.77%,0.01,41.05,0.00%,0.00,0.00
TV screens,Campaign,PMax: KCT Menswear (Maps Campaign), --, --,None,USD,0.004,3.21,"47,725","42,631",89.33%,0.00,153.00,0.00%,0.00,0.00
Mobile phones,Campaign,PMax: KCT Menswear (Maps Campaign) #3, --, --,None,USD,0,0,0,0, --,0,0.00,0.00%,0.00,0.00
Tablets,Campaign,PMax: KCT Menswear (Maps Campaign) #3, --, --,None,USD,0,0,0,0, --,0,0.00,0.00%,0.00,0.00
Computers,Campaign,Local Campaign_Prom, --, --,None,USD,0.065,4.24,"1,847",197,10.67%,0.04,7.83,0.00%,0.00,0.00
Mobile phones,Campaign,Local Campaign_Prom, --, --,None,USD,0.107,7.89,"15,858",895,5.64%,0.14,125.09,0.00%,0.00,0.00
TV screens,Campaign,Local Campaign_Prom, --, --,None,USD,0.016,6.85,508,277,54.53%,0.01,3.48,0.00%,0.00,0.00
Tablets,Campaign,Local Campaign_Prom, --, --,None,USD,0.048,4.52,748,71,9.49%,0.05,3.38,0.00%,0.00,0.00
Computers,Campaign,Brand Campaign, --, --,None,USD,0,0,0,0, --,0,0.00,0.00%,0.00,0.00
Tablets,Campaign,Brand Campaign, --, --,None,USD,0,0,0,0, --,0,0.00,0.00%,0.00,0.00
Mobile phones,Campaign,Brand Campaign, --, --,None,USD,0,0,0,0, --,0,0.00,0.00%,0.00,0.00
TV screens,Campaign,kctmenswear (New Alteration Campaign), --, --,None,USD,0,0,0,0, --,0,0.00,0.00%,0.00,0.00
Tablets,Campaign,kctmenswear (New Alteration Campaign), --, --,None,USD,0,0.00,33,0,0.00%,0,0.00,0.00%,0.00,0.00
Mobile phones,Campaign,kctmenswear (New Alteration Campaign), --, --,None,USD,0.011,51.93,"5,091",245,4.81%,1.08,264.36,9.80%,24.00,11.02
Computers,Campaign,kctmenswear (New Alteration Campaign), --, --,None,USD,0,0.79,780,9,1.15%,0.07,0.62,0.00%,0.00,0.00
Tablets,Campaign,Demand Gen, --, --,None,USD,0,0,0,0, --,0,0.00,0.00%,0.00,0.00
Mobile phones,Campaign,Performance Max-13, --, --,None,USD,0,0,0,0, --,0,0.00,0.00%,0.00,0.00
Mobile phones,Campaign,Demand Gen, --, --,None,USD,0,0,0,0, --,0,0.00,0.00%,0.00,0.00
Computers,Campaign,PMax: Downtown Local Traffic, --, --,None,USD,0,0,0,0, --,0,0.00,0.00%,0.00,0.00
Tablets,Campaign,PMax: Downtown Local Traffic, --, --,None,USD,0,0,0,0, --,0,0.00,0.00%,0.00,0.00
Tablets,Campaign,Performance Max-13, --, --,None,USD,0,0,0,0, --,0,0.00,0.00%,0.00,0.00
Computers,Campaign,Demand Gen, --, --,None,USD,0,0,0,0, --,0,0.00,0.00%,0.00,0.00
TV screens,Campaign,Performance Max-13, --, --,None,USD,0,0,0,0, --,0,0.00,0.00%,0.00,0.00
TV screens,Campaign,PMax: Downtown Local Traffic, --, --,None,USD,0,0,0,0, --,0,0.00,0.00%,0.00,0.00
TV screens,Campaign,Demand Gen, --,-100%,None,USD,0,0,0,0, --,0,0.00,0.00%,0.00,0.00
Mobile phones,Campaign,PMax: Downtown Local Traffic, --, --,None,USD,0,0,0,0, --,0,0.00,0.00%,0.00,0.00
Computers,Campaign,Performance Max-13, --, --,None,USD,0,0,0,0, --,0,0.00,0.00%,0.00,0.00
Computers,Campaign,Kalamazoo Custom Tailoring, --, --,None,USD,0,0,0,0, --,0,0.00,0.00%,0.00,0.00
Mobile phones,Campaign,Kalamazoo Custom Tailoring, --, --,None,USD,0,0,0,0, --,0,0.00,0.00%,0.00,0.00
Tablets,Campaign,Kalamazoo Custom Tailoring, --, --,None,USD,0,0,0,0, --,0,0.00,0.00%,0.00,0.00
Mobile phones,Campaign,Wedding_Suits, --, --,None,USD,0,6.19,"42,143",596,1.41%,0.44,260.68,6.21%,37.00,7.05
TV screens,Campaign,Wedding_Suits, --, --,None,USD,0,0,0,0, --,0,0.00,0.00%,0.00,0.00
Tablets,Campaign,Wedding_Suits, --, --,None,USD,0,7.03,206,7,3.40%,0.21,1.45,0.00%,0.00,0.00
Computers,Campaign,Wedding_Suits, --, --,None,USD,0,10.58,489,9,1.84%,0.58,5.18,0.00%,0.00,0.00
Computers,Campaign,Prom_Local_Youtube, --, --,None,USD,0,0,0,0, --,0,0.00,0.00%,0.00,0.00
Mobile phones,Campaign,Prom_Local_Youtube, --, --,None,USD,0,0,0,0, --,0,0.00,0.00%,0.00,0.00
TV screens,Campaign,Prom_Local_Youtube, --, --,None,USD,0,0,0,0, --,0,0.00,0.00%,0.00,0.00
Tablets,Campaign,Prom_Local_Youtube, --, --,None,USD,0,0,0,0, --,0,0.00,0.00%,0.00,0.00
Tablets,Campaign,Prom Campaign, --, --,None,USD,0,12.44,135,2,1.48%,0.84,1.68,0.00%,0.00,0.00
Tablets,Campaign,PMax: Tailoring+Alterations_Local store visits and promotions-Local-1, --, --,None,USD,0,0,0,0, --,0,0.00,0.00%,0.00,0.00
Mobile phones,Campaign,Prom Campaign, --, --,None,USD,0,18.79,"13,122",260,1.98%,0.95,246.52,23.85%,62.00,3.98
Computers,Campaign,PMax: Tailoring+Alterations_Local store visits and promotions-Local-1, --, --,None,USD,0,0,0,0, --,0,0.00,0.00%,0.00,0.00
TV screens,Campaign,PMax: Tailoring+Alterations_Local store visits and promotions-Local-1, --, --,None,USD,0,0,0,0, --,0,0.00,0.00%,0.00,0.00
Mobile phones,Campaign,PMax: Tailoring+Alterations_Local store visits and promotions-Local-1, --, --,None,USD,0,0,0,0, --,0,0.00,0.00%,0.00,0.00
Computers,Campaign,Prom Campaign, --, --,None,USD,0,14.61,"1,947",36,1.85%,0.79,28.44,0.00%,0.00,0.00
TV screens,Campaign,Prom Campaign, --, --,None,USD,0,0,0,0, --,0,0.00,0.00%,0.00,0.00
,,,,Total: Account,,USD,0.007,2.20,"895,481","63,064",7.04%,0.03,1968.73,0.20%,125.00,15.75
