Per store report
"January 1, 2026 - January 28, 2026"
Store locations,address_line_1,address_line_2,city,country_code,phone_number,postal_code,province,Local reach (impressions),Store visits,Call clicks,Driving directions,Website visits
Exclusive European Cars,300 S 79th St #A, --,Chandler,US, +1 480-900-5980,85226-4710,AZ,0,0,0,0,0
Royale with Cheese,4163 Cass Ave, --,Detroit,US, +1 313-315-3014,48201-1707,MI,0,0,0,0,0
Kalamazoo Custom Tailoring,213 S Kalamazoo Mall, --,Kalamazoo,US, +1 269-342-1234,49007,MI,"204,090",16,20,39,16
KCT Menswear,6650 S Westnedge Ave, --,Portage,US, +1 269-323-8070,49024,MI,"484,889",2,1,2,3
