Word,Cost,Clicks,Impressions,Conversions,Top Containing Queries
suit,$2.82,3,"1,845",0.00,"(suit, red suit, bespoke suit)"
suits,$11.88,8,"1,050",0.00,"(suits, prom suits, mens suits)"
tuxedo,$0.94,1,876,0.00,"(tuxedo, white tuxedo, tuxedo suit)"
for,$3.88,2,583,0.00,"(formal dress for men, suits for men, tuxedo for black tie)"
men's,$0.00,0,542,0.00,"(men's wearhouse, men's suits, men's warehouse)"
men,$7.32,4,521,0.00,"(formal dress for men, suits for men, high school graduation dress for men)"
mens,$5.68,3,364,0.00,"(mens suits, mens warehouse, mens suit)"
blue,$0.75,1,333,0.00,"(royal blue suit, light blue suit, royal blue)"
black,$0.00,0,294,0.00,"(tuxedo for black tie, black tie attire, black suits)"
prom,$0.00,0,292,0.00,"(prom suits, prom tux, prom suit)"
tie,$0.00,0,277,0.00,"(bow tie, tuxedo for black tie, suit and tie)"
tux,$0.00,0,256,0.00,"(tux, prom tux, james bond tux)"
formal,$0.00,0,225,0.00,"(formal dress for men, formal suit, dark suits for formal attire)"
wearhouse,$0.00,0,224,0.00,(men's wearhouse)
warehouse,$0.00,0,207,0.00,"(mens warehouse, men's warehouse, suit & tux warehouse)"
attire,$0.00,0,206,0.00,"(cocktail attire, black tie attire, dark suits for formal attire)"
dress,$3.44,2,174,0.00,"(formal dress for men, dress shoes, high school graduation dress for men)"
de,$1.66,4,142,0.00,"(traje de bodas para hombre, color de trajes para hombres para boda, traje de moño)"
bespoke suit,$0.00,0,130,0.00,"(bespoke suit, how much does a bespoke suit cost)"
with,$0.00,0,112,0.00,"(tux with cummerbund, men's formal pant shirt with blazer, suit with a vest)"
wedding,$0.00,0,110,0.00,"(grooms suit for wedding, coat for wedding, wedding and suit bedfordview)"
jacket,$0.00,0,108,0.00,"(smoking jacket, tuxedo black jacket, dinner jacket)"
dark,$0.00,0,107,0.00,"(dark suits for formal attire, dark grey suit, dark purple suit)"
para,$0.00,0,107,0.00,"(traje de bodas para hombre, color de trajes para hombres para boda, traje de etiqueta para hombre)"
and,$0.00,0,106,0.00,"(suit and tie, wedding and suit bedfordview, blue and black tux)"
traje de,$1.66,4,106,0.00,"(traje de bodas para hombre, traje de moño, traje de etiqueta para hombre)"
grey suit,$0.00,0,102,0.00,"(charcoal grey suit, dark grey suit)"
red,$0.00,0,96,0.00,(red suit)
royal blue,$0.75,1,96,0.00,"(royal blue suit, royal blue)"
blazer,$3.46,6,90,0.00,"(blazer, men's formal pant shirt with blazer)"
3 piece,$0.00,0,81,0.00,"(mens 3 piece suits, 3 piece suit)"
colors,$0.00,0,75,0.00,"(men's suits different colors, different tuxedo colors)"
different,$0.00,0,75,0.00,"(men's suits different colors, different tuxedo colors)"
style,$0.00,0,74,0.00,"(gq suit style, style types of suits for men)"
a,$0.00,0,74,0.00,"(how much does a bespoke suit cost, suit with a vest)"
bow,$0.00,0,73,0.00,(bow tie)
pant,$0.00,0,72,0.00,"(men's formal pant shirt with blazer, blue coat pant for men)"
shoes,$0.00,0,71,0.00,"(dress shoes, blue suit black shoes)"
para hombre,$0.00,0,71,0.00,"(traje de bodas para hombre, traje de etiqueta para hombre)"
business,$0.00,0,70,0.00,"(business professional attire men, suit business casual)"
outfit,$3.87,2,69,0.00,"(mens holiday party outfit, navy blue prom outfit men)"
of,$1.86,1,69,0.00,"(father of the bride suits, style types of suits for men)"
coat,$0.00,0,68,0.00,"(blue coat pant for men, coat for wedding)"
charcoal,$0.00,0,66,0.00,(charcoal grey suit)
white,$0.00,0,65,0.00,(white tuxedo)
tuxedos,$0.00,0,60,0.00,(tuxedos)
loafers,$0.00,0,57,0.00,(loafers)
cocktail,$0.00,0,53,0.00,(cocktail attire)
fashion,$0.00,0,52,0.00,(k&g fashion superstore)
k&g,$0.00,0,52,0.00,(k&g fashion superstore)
superstore,$0.00,0,52,0.00,(k&g fashion superstore)
double,$0.00,0,45,0.00,(double breasted suit)
breasted,$0.00,0,45,0.00,(double breasted suit)
grooms,$0.00,0,43,0.00,(grooms suit for wedding)
smoking,$0.00,0,43,0.00,(smoking jacket)
james,$0.00,0,42,0.00,(james bond tux)
bond,$0.00,0,42,0.00,(james bond tux)
light,$0.00,0,41,0.00,(light blue suit)
gq,$0.00,0,41,0.00,(gq suit style)
much,$0.00,0,40,0.00,(how much does a bespoke suit cost)
how,$0.00,0,40,0.00,(how much does a bespoke suit cost)
does,$0.00,0,40,0.00,(how much does a bespoke suit cost)
amazon,$1.01,1,40,0.00,(ofertas ropa amazon)
ofertas,$1.01,1,40,0.00,(ofertas ropa amazon)
ropa,$1.01,1,40,0.00,(ofertas ropa amazon)
cost,$0.00,0,40,0.00,(how much does a bespoke suit cost)
cummerbund,$0.00,0,40,0.00,(tux with cummerbund)
graduation,$0.00,0,39,0.00,(high school graduation dress for men)
high,$0.00,0,39,0.00,(high school graduation dress for men)
school,$0.00,0,39,0.00,(high school graduation dress for men)
mr,$0.00,0,39,0.00,(mr tuxedo prices)
bodas,$0.00,0,39,0.00,(traje de bodas para hombre)
prices,$0.00,0,39,0.00,(mr tuxedo prices)
costume,$8.11,6,38,0.00,(veste homme costume)
southern,$0.00,0,38,0.00,(southern men's clothing stores)
stores,$0.00,0,38,0.00,(southern men's clothing stores)
shirt,$0.00,0,38,0.00,(men's formal pant shirt with blazer)
affair,$0.00,0,38,0.00,(black tie affair)
homme,$8.11,6,38,0.00,(veste homme costume)
clothing,$0.00,0,38,0.00,(southern men's clothing stores)
veste,$8.11,6,38,0.00,(veste homme costume)
colored,$0.00,0,38,0.00,(colored suits)
&,$0.00,0,37,0.00,(suit & tux warehouse)
西裝,$0.00,0,37,0.00,(西裝 搭配)
搭配,$0.00,0,37,0.00,(西裝 搭配)
boy,$0.00,0,37,0.00,(prom outfits boy)
outfits,$0.00,0,37,0.00,(prom outfits boy)
hombres,$0.00,0,36,0.00,(color de trajes para hombres para boda)
the,$1.86,1,36,0.00,(father of the bride suits)
trajes,$0.00,0,36,0.00,(color de trajes para hombres para boda)
boda,$0.00,0,36,0.00,(color de trajes para hombres para boda)
menswear,$0.00,0,36,0.00,(hanson menswear)
bride,$1.86,1,36,0.00,(father of the bride suits)
color,$0.00,0,36,0.00,(color de trajes para hombres para boda)
father,$1.86,1,36,0.00,(father of the bride suits)
hanson,$0.00,0,36,0.00,(hanson menswear)
american,$1.13,1,35,0.00,(american suit)
professional,$0.00,0,35,0.00,(business professional attire men)
casual,$0.00,0,35,0.00,(suit business casual)
holiday,$3.87,2,35,0.00,(mens holiday party outfit)
steve,$0.00,0,35,0.00,(steve harvey suits)
harvey,$0.00,0,35,0.00,(steve harvey suits)
hermes,$0.00,0,35,0.00,(hermes suit)
party,$3.87,2,35,0.00,(mens holiday party outfit)
moño,$1.66,4,35,0.00,(traje de moño)
armani,$0.00,0,35,0.00,(armani suit)
bowtie,$0.60,2,34,0.00,(bowtie)
combinations,$0.00,0,34,0.00,(suit combinations for men)
vest,$0.00,0,34,0.00,(suit with a vest)
navy,$0.00,0,34,0.00,(navy blue prom outfit men)
european,$0.00,0,34,0.00,(european suit)
deals,$0.00,0,33,0.00,(shop deals on men's blazers)
bedfordview,$0.00,0,33,0.00,(wedding and suit bedfordview)
blazers,$0.00,0,33,0.00,(shop deals on men's blazers)
full,$0.00,0,33,0.00,(full suits for men)
shop,$0.00,0,33,0.00,(shop deals on men's blazers)
on,$0.00,0,33,0.00,(shop deals on men's blazers)
types,$0.00,0,33,0.00,(style types of suits for men)
clothes,$0.00,0,33,0.00,(suit clothes for men)
morning,$0.00,0,32,0.00,(morning suit)
etiqueta,$0.00,0,32,0.00,(traje de etiqueta para hombre)
seersucker,$0.00,0,32,0.00,(seersucker suit)
dinner,$0.00,0,32,0.00,(dinner jacket)
clothiers,$0.00,0,31,0.00,(baron's wholesale clothiers)
wholesale,$0.00,0,31,0.00,(baron's wholesale clothiers)
purple,$0.00,0,31,0.00,(dark purple suit)
best,$0.00,0,31,0.00,(best suits)
baron's,$0.00,0,31,0.00,(baron's wholesale clothiers)
