Search terms insight report
"January 1, 2026 - January 28, 2026"
Channels,Status,Campaigns,Impr.,Clicks,Interactions,Conversions,Conv. value,Currency code,Cost,Results,Results value,Reports
Maps,PAUSED,PMax: Downtown Local Traffic,0,0,0,0.00,0.00,USD,0.00,0,0,18417820272
Discover,PAUSED,kctmenswear (Performance Max_Weeding),0,0,0,0.00,0.00,USD,0.00,0,0,18505629011
Discover,ACTIVE,kctmenswear (New Alteration Campaign),0,0,0,0.00,0.00,USD,0.00,0,0,18766738550
Gmail,ACTIVE,PMax: KCT Menswear (Maps Campaign),0,0,0,0.00,0.00,USD,0.00,0,0,19644358283
Discover,PAUSED,PMax: Tailoring+Alterations_Local store visits and promotions-Local-1,0,0,0,0.00,0.00,USD,0.00,0,0,20326320880
Google Display Network,PAUSED,PMax: Tailoring+Alterations_Local store visits and promotions-Local-1,0,0,0,0.00,0.00,USD,0.00,0,0,20326320880
Search partners,PAUSED,PMax: Tailoring+Alterations_Local store visits and promotions-Local-1,0,0,0,0.00,0.00,USD,0.00,0,0,20326320880
Discover,PAUSED,PMax: KCT Menswear (Maps Campaign) #2,0,0,0,0.00,0.00,USD,0.00,0,0,21042566325
Google Search,PAUSED,PMax: KCT Menswear (Competitors' SItes),0,0,0,0.00,0.00,USD,0.00,0,0,21231203709
Discover,PAUSED,Performance Max-13,0,0,0,0.00,0.00,USD,0.00,0,0,21434459999
Google Display Network,PAUSED,Performance Max-13,0,0,0,0.00,0.00,USD,0.00,0,0,21434459999
YouTube,PAUSED,PMax: KCT Menswear (Maps Campaign) #3,0,0,0,0.00,0.00,USD,0.00,0,0,21867571899
Google Display Network,PAUSED,PMax: KCT Menswear (Maps Campaign) #3,0,0,0,0.00,0.00,USD,0.00,0,0,21867571899
Google Display Network,ACTIVE,Local Campaign_Prom,0,0,0,0.00,0.00,USD,0.00,0,0,22401728580
Search partners,ACTIVE,kctmenswear (New Alteration Campaign),8,1,1,0.00,0.00,USD,0.09,0,0,18766738550
Google Search,ACTIVE,kctmenswear (New Alteration Campaign),"3,476",229,229,24.00,14.00,USD,257.85,Contact: 18.00; Engagement: 48.00; Get directions: 33.00; Page View: 13.00; Phone call lead: 24.00; Store visit: 12.00,Contact: 18.00; Engagement: 48.00; Get directions: 33.00; Page View: 13.00; Phone call lead: 14.00; Store visit: 12.00,18766738550
Maps,PAUSED,kctmenswear (Performance Max_Weeding),0,0,0,0.00,0.00,USD,0.00,0,0,18505629011
Gmail,PAUSED,kctmenswear (Performance Max_Weeding),0,0,0,0.00,0.00,USD,0.00,0,0,18505629011
Gmail,ACTIVE,kctmenswear (New Alteration Campaign),0,0,0,0.00,0.00,USD,0.00,0,0,18766738550
Google Search,PAUSED,PMax: Tailoring+Alterations_Local store visits and promotions-Local-1,0,0,0,0.00,0.00,USD,0.00,0,0,20326320880
YouTube,PAUSED,PMax: KCT Menswear (Maps Campaign) #2,0,0,0,0.00,0.00,USD,0.00,0,0,21042566325
Maps,PAUSED,PMax: KCT Menswear (Competitors' SItes),0,0,0,0.00,0.00,USD,0.00,0,0,21231203709
Maps,ACTIVE,kctmenswear (New Alteration Campaign),"2,416",22,22,0.00,0.00,USD,7.02,Contact: 3.00; Engagement: 81.00; Get directions: 8.00; Page View: 4.00,Contact: 3.00; Engagement: 81.00; Get directions: 8.00; Page View: 4.00,18766738550
Maps,ACTIVE,PMax: KCT Menswear (Maps Campaign),619,4,4,2.00,2.00,USD,12.50,Engagement: 5.00,Engagement: 5.00,19644358283
Google Display Network,ACTIVE,PMax: KCT Menswear (Maps Campaign),"678,700",199,199,0.00,0.00,USD,117.74,0,0,19644358283
YouTube,ACTIVE,Local Campaign_Prom,"17,832",231,"1,428",0.00,0.00,USD,106.26,0,0,22401728580
Discover,PAUSED,PMax: Downtown Local Traffic,0,0,0,0.00,0.00,USD,0.00,0,0,18417820272
YouTube,PAUSED,kctmenswear (Performance Max_Weeding),0,0,0,0.00,0.00,USD,0.00,0,0,18505629011
Gmail,PAUSED,PMax: Tailoring+Alterations_Local store visits and promotions-Local-1,0,0,0,0.00,0.00,USD,0.00,0,0,20326320880
Search partners,PAUSED,PMax: KCT Menswear (Maps Campaign) #2,0,0,0,0.00,0.00,USD,0.00,0,0,21042566325
Google Search,PAUSED,PMax: KCT Menswear (Maps Campaign) #2,0,0,0,0.00,0.00,USD,0.00,0,0,21042566325
Discover,PAUSED,Prom (Local_P.max),0,0,0,0.00,0.00,USD,0.00,0,0,21157344415
YouTube,PAUSED,Prom (Local_P.max),0,0,0,0.00,0.00,USD,0.00,0,0,21157344415
Search partners,PAUSED,PMax: KCT Menswear (Competitors' SItes),0,0,0,0.00,0.00,USD,0.00,0,0,21231203709
Google Search,PAUSED,Performance Max-12,0,0,0,0.00,0.00,USD,0.00,0,0,21432637139
Maps,PAUSED,PMax: KCT Menswear (Maps Campaign) #3,0,0,0,0.00,0.00,USD,0.00,0,0,21867571899
Search partners,PAUSED,PMax: KCT Menswear (Maps Campaign) #3,0,0,0,0.00,0.00,USD,0.00,0,0,21867571899
Gmail,ACTIVE,Local Campaign_Prom,0,0,0,0.00,0.00,USD,0.00,0,0,22401728580
Discover,ACTIVE,PMax: KCT Menswear (Maps Campaign),5,0,0,0.00,0.00,USD,0.00,0,0,19644358283
Search partners,PAUSED,PMax: Downtown Local Traffic,0,0,0,0.00,0.00,USD,0.00,0,0,18417820272
Maps,PAUSED,PMax: Tailoring+Alterations_Local store visits and promotions-Local-1,0,0,0,0.00,0.00,USD,0.00,0,0,20326320880
Maps,PAUSED,PMax: KCT Menswear (Maps Campaign) #2,0,0,0,0.00,0.00,USD,0.00,0,0,21042566325
Google Search,PAUSED,Prom (Local_P.max),0,0,0,0.00,0.00,USD,0.00,0,0,21157344415
Discover,PAUSED,PMax: KCT Menswear (Competitors' SItes),0,0,0,0.00,0.00,USD,0.00,0,0,21231203709
YouTube,PAUSED,PMax: KCT Menswear (Competitors' SItes),0,0,0,0.00,0.00,USD,0.00,0,0,21231203709
Google Display Network,PAUSED,PMax: KCT Menswear (Competitors' SItes),0,0,0,0.00,0.00,USD,0.00,0,0,21231203709
Gmail,PAUSED,PMax: Downtown Local Traffic,0,0,0,0.00,0.00,USD,0.00,0,0,18417820272
Google Display Network,PAUSED,PMax: KCT Menswear (Maps Campaign) #2,0,0,0,0.00,0.00,USD,0.00,0,0,21042566325
Gmail,PAUSED,PMax: KCT Menswear (Competitors' SItes),0,0,0,0.00,0.00,USD,0.00,0,0,21231203709
Maps,PAUSED,Performance Max-12,0,0,0,0.00,0.00,USD,0.00,0,0,21432637139
Google Display Network,PAUSED,Performance Max-12,0,0,0,0.00,0.00,USD,0.00,0,0,21432637139
Gmail,PAUSED,Performance Max-13,0,0,0,0.00,0.00,USD,0.00,0,0,21434459999
Google Search,PAUSED,Performance Max-13,0,0,0,0.00,0.00,USD,0.00,0,0,21434459999
Google Search,ACTIVE,Local Campaign_Prom,"1,111",11,11,0.00,0.00,USD,33.37,0,0,22401728580
Search partners,ACTIVE,PMax: KCT Menswear (Maps Campaign),1,0,0,0.00,0.00,USD,0.00,0,0,19644358283
YouTube,PAUSED,PMax: Downtown Local Traffic,0,0,0,0.00,0.00,USD,0.00,0,0,18417820272
Google Display Network,PAUSED,kctmenswear (Performance Max_Weeding),0,0,0,0.00,0.00,USD,0.00,0,0,18505629011
Search partners,PAUSED,kctmenswear (Performance Max_Weeding),0,0,0,0.00,0.00,USD,0.00,0,0,18505629011
Google Search,PAUSED,kctmenswear (Performance Max_Weeding),0,0,0,0.00,0.00,USD,0.00,0,0,18505629011
YouTube,PAUSED,Performance Max-12,0,0,0,0.00,0.00,USD,0.00,0,0,21432637139
YouTube,PAUSED,Performance Max-13,0,0,0,0.00,0.00,USD,0.00,0,0,21434459999
YouTube,ACTIVE,PMax: KCT Menswear (Maps Campaign),"106,974",534,"60,020",0.00,0.00,USD,424.58,Page View: 2.00,Page View: 2.00,19644358283
Google Search,ACTIVE,PMax: KCT Menswear (Maps Campaign),182,12,12,0.00,0.00,USD,189.87,0,0,19644358283
Google Display Network,ACTIVE,kctmenswear (New Alteration Campaign),0,0,0,0.00,0.00,USD,0.00,0,0,18766738550
Gmail,PAUSED,PMax: KCT Menswear (Maps Campaign) #2,0,0,0,0.00,0.00,USD,0.00,0,0,21042566325
Gmail,PAUSED,Performance Max-12,0,0,0,0.00,0.00,USD,0.00,0,0,21432637139
Search partners,PAUSED,Performance Max-12,0,0,0,0.00,0.00,USD,0.00,0,0,21432637139
Search partners,ACTIVE,Local Campaign_Prom,0,0,0,0.00,0.00,USD,0.00,0,0,22401728580
Google Display Network,PAUSED,PMax: Downtown Local Traffic,0,0,0,0.00,0.00,USD,0.00,0,0,18417820272
Google Search,PAUSED,PMax: Downtown Local Traffic,0,0,0,0.00,0.00,USD,0.00,0,0,18417820272
Discover,PAUSED,Performance Max-12,0,0,0,0.00,0.00,USD,0.00,0,0,21432637139
Gmail,PAUSED,PMax: KCT Menswear (Maps Campaign) #3,0,0,0,0.00,0.00,USD,0.00,0,0,21867571899
YouTube,ACTIVE,kctmenswear (New Alteration Campaign),6,0,2,0.00,0.00,USD,0.02,0,0,18766738550
Discover,ACTIVE,Local Campaign_Prom,16,1,1,0.00,0.00,USD,0.16,0,0,22401728580
Maps,ACTIVE,Local Campaign_Prom,2,0,0,0.00,0.00,USD,0.00,0,0,22401728580
YouTube,PAUSED,PMax: Tailoring+Alterations_Local store visits and promotions-Local-1,0,0,0,0.00,0.00,USD,0.00,0,0,20326320880
Maps,PAUSED,Prom (Local_P.max),0,0,0,0.00,0.00,USD,0.00,0,0,21157344415
Gmail,PAUSED,Prom (Local_P.max),0,0,0,0.00,0.00,USD,0.00,0,0,21157344415
Google Display Network,PAUSED,Prom (Local_P.max),0,0,0,0.00,0.00,USD,0.00,0,0,21157344415
Search partners,PAUSED,Prom (Local_P.max),0,0,0,0.00,0.00,USD,0.00,0,0,21157344415
Maps,PAUSED,Performance Max-13,0,0,0,0.00,0.00,USD,0.00,0,0,21434459999
Search partners,PAUSED,Performance Max-13,0,0,0,0.00,0.00,USD,0.00,0,0,21434459999
Discover,PAUSED,PMax: KCT Menswear (Maps Campaign) #3,0,0,0,0.00,0.00,USD,0.00,0,0,21867571899
Google Search,PAUSED,PMax: KCT Menswear (Maps Campaign) #3,0,0,0,0.00,0.00,USD,0.00,0,0,21867571899
,Total: Campaigns,,"811,348","1,244","61,929",26.00,16.00,USD,1149.46,Contact: 21.00; Engagement: 134.00; Get directions: 41.00; Page View: 19.00; Phone call lead: 24.00; Store visit: 12.00,Contact: 21.00; Engagement: 134.00; Get directions: 41.00; Page View: 19.00; Phone call lead: 14.00; Store visit: 12.00,
Google Search,Total: Campaigns,,"4,769",252,252,24.00,14.00,USD,481.09,Contact: 18.00; Engagement: 48.00; Get directions: 33.00; Page View: 13.00; Phone call lead: 24.00; Store visit: 12.00,Contact: 18.00; Engagement: 48.00; Get directions: 33.00; Page View: 13.00; Phone call lead: 14.00; Store visit: 12.00,
Search partners,Total: Campaigns,,9,1,1,0.00,0.00,USD,0.09,0,0,
Google Display Network,Total: Campaigns,,"678,700",199,199,0.00,0.00,USD,117.74,0,0,
YouTube,Total: Campaigns,,"124,812",765,"61,450",0.00,0.00,USD,530.86,Page View: 2.00,Page View: 2.00,
Gmail,Total: Campaigns,,0,0,0,0.00,0.00,USD,0.00,0,0,
Discover,Total: Campaigns,,21,1,1,0.00,0.00,USD,0.16,0,0,
Maps,Total: Campaigns,,"3,037",26,26,2.00,2.00,USD,19.52,Contact: 3.00; Engagement: 86.00; Get directions: 8.00; Page View: 4.00,Contact: 3.00; Engagement: 86.00; Get directions: 8.00; Page View: 4.00,
