Search,Cost,Clicks,Impressions,Conversions
tuxedo,$0.00,0,560,0.00
suit,$0.00,0,480,0.00
men's wearhouse,$0.00,0,224,0.00
suits,$0.89,2,161,0.00
prom suits,$0.00,0,136,0.00
mens suits,$1.81,1,106,0.00
men's suits,$0.00,0,97,0.00
mens warehouse,$0.00,0,97,0.00
red suit,$0.00,0,96,0.00
bespoke suit,$0.00,0,90,0.00
mens suit,$0.00,0,79,0.00
bow tie,$0.00,0,73,0.00
men's warehouse,$0.00,0,73,0.00
charcoal grey suit,$0.00,0,66,0.00
white tuxedo,$0.00,0,65,0.00
formal dress for men,$0.00,0,63,0.00
tuxedos,$0.00,0,60,0.00
royal blue suit,$0.75,1,59,0.00
tux,$0.00,0,59,0.00
tuxedo suit,$0.94,1,59,0.00
loafers,$0.00,0,57,0.00
cocktail attire,$0.00,0,53,0.00
blazer,$3.46,6,52,0.00
k&g fashion superstore,$0.00,0,52,0.00
formal suit,$0.00,0,47,0.00
mens 3 piece suits,$0.00,0,47,0.00
prom tux,$0.00,0,47,0.00
suits for men,$3.88,2,47,0.00
tuxedo for black tie,$0.00,0,47,0.00
double breasted suit,$0.00,0,45,0.00
grooms suit for wedding,$0.00,0,43,0.00
smoking jacket,$0.00,0,43,0.00
james bond tux,$0.00,0,42,0.00
suit and tie,$0.00,0,42,0.00
black tie attire,$0.00,0,41,0.00
gq suit style,$0.00,0,41,0.00
light blue suit,$0.00,0,41,0.00
dark suits for formal attire,$0.00,0,40,0.00
dress shoes,$0.00,0,40,0.00
how much does a bespoke suit cost,$0.00,0,40,0.00
ofertas ropa amazon,$1.01,1,40,0.00
tux with cummerbund,$0.00,0,40,0.00
high school graduation dress for men,$0.00,0,39,0.00
men's suits different colors,$0.00,0,39,0.00
mr tuxedo prices,$0.00,0,39,0.00
traje de bodas para hombre,$0.00,0,39,0.00
black suits,$0.00,0,38,0.00
black tie affair,$0.00,0,38,0.00
colored suits,$0.00,0,38,0.00
men suit,$0.00,0,38,0.00
men's formal pant shirt with blazer,$0.00,0,38,0.00
prom suit,$0.00,0,38,0.00
southern men's clothing stores,$0.00,0,38,0.00
veste homme costume,$8.11,6,38,0.00
prom outfits boy,$0.00,0,37,0.00
royal blue,$0.00,0,37,0.00
suit & tux warehouse,$0.00,0,37,0.00
tuxedo for formal attire,$0.00,0,37,0.00
西裝 搭配,$0.00,0,37,0.00
color de trajes para hombres para boda,$0.00,0,36,0.00
dark grey suit,$0.00,0,36,0.00
different tuxedo colors,$0.00,0,36,0.00
father of the bride suits,$1.86,1,36,0.00
hanson menswear,$0.00,0,36,0.00
tie,$0.00,0,36,0.00
american suit,$1.13,1,35,0.00
armani suit,$0.00,0,35,0.00
black suits for men,$0.00,0,35,0.00
blue suits,$0.00,0,35,0.00
business professional attire men,$0.00,0,35,0.00
hermes suit,$0.00,0,35,0.00
mens holiday party outfit,$3.87,2,35,0.00
steve harvey suits,$0.00,0,35,0.00
suit business casual,$0.00,0,35,0.00
traje de moño,$1.66,4,35,0.00
3 piece suit,$0.00,0,34,0.00
blue coat pant for men,$0.00,0,34,0.00
bowtie,$0.60,2,34,0.00
coat for wedding,$0.00,0,34,0.00
european suit,$0.00,0,34,0.00
navy blue prom outfit men,$0.00,0,34,0.00
suit combinations for men,$0.00,0,34,0.00
suit with a vest,$0.00,0,34,0.00
full suits for men,$0.00,0,33,0.00
shop deals on men's blazers,$0.00,0,33,0.00
style types of suits for men,$0.00,0,33,0.00
suit clothes for men,$0.00,0,33,0.00
tuxedo black jacket,$0.00,0,33,0.00
wedding and suit bedfordview,$0.00,0,33,0.00
dinner jacket,$0.00,0,32,0.00
men dress suits,$3.44,2,32,0.00
morning suit,$0.00,0,32,0.00
seersucker suit,$0.00,0,32,0.00
traje de etiqueta para hombre,$0.00,0,32,0.00
baron's wholesale clothiers,$0.00,0,31,0.00
best suits,$0.00,0,31,0.00
blue and black tux,$0.00,0,31,0.00
blue suit black shoes,$0.00,0,31,0.00
blue suits for men,$0.00,0,31,0.00
dark purple suit,$0.00,0,31,0.00
